#,DayOfWeek,D,M,Y,Time AM/PM,IP,Trasnsmited,Received,Loss,rttmin,rttavg,rttmax
1,Tue ,18 ,May ,2021 ,12:00:01 AM,3.96.188.68,13,0,100%
2,Tue ,18 ,May ,2021 ,12:01:01 AM,3.96.188.68,13,0,100%
3,Tue ,18 ,May ,2021 ,12:02:02 AM,3.96.188.68,13,0,100%
4,Tue ,18 ,May ,2021 ,12:03:01 AM,3.96.188.68,13,0,100%
5,Tue ,18 ,May ,2021 ,12:04:01 AM,3.96.188.68,13,0,100%
6,Tue ,18 ,May ,2021 ,12:05:01 AM,3.96.188.68,13,0,100%
7,Tue ,18 ,May ,2021 ,12:06:01 AM,3.96.188.68,13,0,100%
8,Tue ,18 ,May ,2021 ,12:07:01 AM,3.96.188.68,13,0,100%
9,Tue ,18 ,May ,2021 ,12:08:01 AM,3.96.188.68,13,0,100%
10,Tue ,18 ,May ,2021 ,12:09:01 AM,3.96.188.68,13,0,100%
11,Tue ,18 ,May ,2021 ,12:10:01 AM,3.96.188.68,13,0,100%
12,Tue ,18 ,May ,2021 ,12:11:01 AM,3.96.188.68,13,0,100%
13,Tue ,18 ,May ,2021 ,12:12:01 AM,3.96.188.68,13,0,100%
14,Tue ,18 ,May ,2021 ,12:13:01 AM,3.96.188.68,13,0,100%
15,Tue ,18 ,May ,2021 ,12:14:01 AM,3.96.188.68,13,0,100%
16,Tue ,18 ,May ,2021 ,12:15:01 AM,3.96.188.68,13,0,100%
17,Tue ,18 ,May ,2021 ,12:16:01 AM,3.96.188.68,13,0,100%
18,Tue ,18 ,May ,2021 ,12:17:01 AM,3.96.188.68,13,0,100%
19,Tue ,18 ,May ,2021 ,12:18:01 AM,3.96.188.68,13,0,100%
20,Tue ,18 ,May ,2021 ,12:19:01 AM,3.96.188.68,13,0,100%
21,Tue ,18 ,May ,2021 ,12:20:01 AM,3.96.188.68,13,0,100%
22,Tue ,18 ,May ,2021 ,12:21:02 AM,3.96.188.68,13,0,100%
23,Tue ,18 ,May ,2021 ,12:22:01 AM,3.96.188.68,13,0,100%
24,Tue ,18 ,May ,2021 ,12:23:01 AM,3.96.188.68,13,0,100%
25,Tue ,18 ,May ,2021 ,12:24:01 AM,3.96.188.68,13,0,100%
26,Tue ,18 ,May ,2021 ,12:25:02 AM,3.96.188.68,13,0,100%
27,Tue ,18 ,May ,2021 ,12:26:01 AM,3.96.188.68,13,0,100%
28,Tue ,18 ,May ,2021 ,12:27:02 AM,3.96.188.68,13,0,100%
29,Tue ,18 ,May ,2021 ,12:28:01 AM,3.96.188.68,13,0,100%
30,Tue ,18 ,May ,2021 ,12:29:02 AM,3.96.188.68,13,0,100%
31,Tue ,18 ,May ,2021 ,12:30:01 AM,3.96.188.68,13,0,100%
32,Tue ,18 ,May ,2021 ,12:31:02 AM,3.96.188.68,13,0,100%
33,Tue ,18 ,May ,2021 ,12:32:01 AM,3.96.188.68,13,0,100%
34,Tue ,18 ,May ,2021 ,12:33:02 AM,3.96.188.68,13,0,100%
35,Tue ,18 ,May ,2021 ,12:34:01 AM,3.96.188.68,13,0,100%
36,Tue ,18 ,May ,2021 ,12:35:01 AM,3.96.188.68,13,0,100%
37,Tue ,18 ,May ,2021 ,12:36:01 AM,3.96.188.68,13,0,100%
38,Tue ,18 ,May ,2021 ,12:37:01 AM,3.96.188.68,13,0,100%
39,Tue ,18 ,May ,2021 ,12:38:01 AM,3.96.188.68,13,0,100%
40,Tue ,18 ,May ,2021 ,12:39:01 AM,3.96.188.68,13,0,100%
41,Tue ,18 ,May ,2021 ,12:40:01 AM,3.96.188.68,13,0,100%
42,Tue ,18 ,May ,2021 ,12:41:01 AM,3.96.188.68,13,0,100%
43,Tue ,18 ,May ,2021 ,12:42:01 AM,3.96.188.68,13,0,100%
44,Tue ,18 ,May ,2021 ,12:43:02 AM,3.96.188.68,13,0,100%
45,Tue ,18 ,May ,2021 ,12:44:01 AM,3.96.188.68,13,0,100%
46,Tue ,18 ,May ,2021 ,12:45:01 AM,3.96.188.68,13,0,100%
47,Tue ,18 ,May ,2021 ,12:46:01 AM,3.96.188.68,13,0,100%
48,Tue ,18 ,May ,2021 ,12:47:01 AM,3.96.188.68,13,0,100%
49,Tue ,18 ,May ,2021 ,12:48:02 AM,3.96.188.68,13,0,100%
50,Tue ,18 ,May ,2021 ,12:49:01 AM,3.96.188.68,13,0,100%
51,Tue ,18 ,May ,2021 ,12:50:02 AM,3.96.188.68,13,0,100%
52,Tue ,18 ,May ,2021 ,12:51:01 AM,3.96.188.68,13,0,100%
53,Tue ,18 ,May ,2021 ,12:52:02 AM,3.96.188.68,13,0,100%
54,Tue ,18 ,May ,2021 ,12:53:01 AM,3.96.188.68,13,0,100%
55,Tue ,18 ,May ,2021 ,12:54:02 AM,3.96.188.68,13,0,100%
56,Tue ,18 ,May ,2021 ,12:55:01 AM,3.96.188.68,13,0,100%
57,Tue ,18 ,May ,2021 ,12:56:02 AM,3.96.188.68,13,0,100%
58,Tue ,18 ,May ,2021 ,12:57:01 AM,3.96.188.68,13,0,100%
59,Tue ,18 ,May ,2021 ,12:58:02 AM,3.96.188.68,13,0,100%
60,Tue ,18 ,May ,2021 ,12:59:01 AM,3.96.188.68,13,0,100%
61,Tue ,18 ,May ,2021 ,01:00:02 AM,3.96.188.68,13,0,100%
62,Tue ,18 ,May ,2021 ,01:01:01 AM,3.96.188.68,13,0,100%
63,Tue ,18 ,May ,2021 ,01:02:01 AM,3.96.188.68,13,0,100%
64,Tue ,18 ,May ,2021 ,01:03:01 AM,3.96.188.68,13,0,100%
65,Tue ,18 ,May ,2021 ,01:04:01 AM,3.96.188.68,13,0,100%
66,Tue ,18 ,May ,2021 ,01:05:01 AM,3.96.188.68,13,0,100%
67,Tue ,18 ,May ,2021 ,01:06:01 AM,3.96.188.68,13,0,100%
68,Tue ,18 ,May ,2021 ,01:07:01 AM,3.96.188.68,13,0,100%
69,Tue ,18 ,May ,2021 ,01:08:01 AM,3.96.188.68,13,0,100%
70,Tue ,18 ,May ,2021 ,01:09:01 AM,3.96.188.68,13,0,100%
71,Tue ,18 ,May ,2021 ,01:10:01 AM,3.96.188.68,13,0,100%
72,Tue ,18 ,May ,2021 ,01:11:01 AM,3.96.188.68,13,0,100%
73,Tue ,18 ,May ,2021 ,01:12:01 AM,3.96.188.68,13,0,100%
74,Tue ,18 ,May ,2021 ,01:13:02 AM,3.96.188.68,13,0,100%
75,Tue ,18 ,May ,2021 ,01:14:01 AM,3.96.188.68,13,0,100%
76,Tue ,18 ,May ,2021 ,01:15:02 AM,3.96.188.68,13,0,100%
77,Tue ,18 ,May ,2021 ,01:16:01 AM,3.96.188.68,13,0,100%
78,Tue ,18 ,May ,2021 ,01:17:02 AM,3.96.188.68,13,0,100%
79,Tue ,18 ,May ,2021 ,01:18:01 AM,3.96.188.68,13,0,100%
80,Tue ,18 ,May ,2021 ,01:19:02 AM,3.96.188.68,13,0,100%
81,Tue ,18 ,May ,2021 ,01:20:01 AM,3.96.188.68,13,0,100%
82,Tue ,18 ,May ,2021 ,01:21:01 AM,3.96.188.68,13,0,100%
83,Tue ,18 ,May ,2021 ,01:22:01 AM,3.96.188.68,13,0,100%
84,Tue ,18 ,May ,2021 ,01:23:01 AM,3.96.188.68,13,0,100%
85,Tue ,18 ,May ,2021 ,01:24:01 AM,3.96.188.68,13,0,100%
86,Tue ,18 ,May ,2021 ,01:25:01 AM,3.96.188.68,13,0,100%
87,Tue ,18 ,May ,2021 ,01:26:01 AM,3.96.188.68,13,0,100%
88,Tue ,18 ,May ,2021 ,01:27:01 AM,3.96.188.68,13,0,100%
89,Tue ,18 ,May ,2021 ,01:28:02 AM,3.96.188.68,13,0,100%
90,Tue ,18 ,May ,2021 ,01:29:01 AM,3.96.188.68,13,0,100%
91,Tue ,18 ,May ,2021 ,01:30:01 AM,3.96.188.68,13,0,100%
92,Tue ,18 ,May ,2021 ,01:31:01 AM,3.96.188.68,13,0,100%
93,Tue ,18 ,May ,2021 ,01:32:01 AM,3.96.188.68,13,0,100%
94,Tue ,18 ,May ,2021 ,01:33:01 AM,3.96.188.68,13,0,100%
95,Tue ,18 ,May ,2021 ,01:34:01 AM,3.96.188.68,13,0,100%
96,Tue ,18 ,May ,2021 ,01:35:01 AM,3.96.188.68,13,0,100%
97,Tue ,18 ,May ,2021 ,01:36:01 AM,3.96.188.68,13,0,100%
98,Tue ,18 ,May ,2021 ,01:37:01 AM,3.96.188.68,13,0,100%
99,Tue ,18 ,May ,2021 ,01:38:01 AM,3.96.188.68,13,0,100%
100,Tue ,18 ,May ,2021 ,01:39:01 AM,3.96.188.68,13,0,100%
101,Tue ,18 ,May ,2021 ,01:40:01 AM,3.96.188.68,13,0,100%
102,Tue ,18 ,May ,2021 ,01:41:01 AM,3.96.188.68,13,0,100%
103,Tue ,18 ,May ,2021 ,01:42:01 AM,3.96.188.68,13,0,100%
104,Tue ,18 ,May ,2021 ,01:43:01 AM,3.96.188.68,13,0,100%
105,Tue ,18 ,May ,2021 ,01:44:01 AM,3.96.188.68,13,0,100%
106,Tue ,18 ,May ,2021 ,01:45:01 AM,3.96.188.68,13,0,100%
107,Tue ,18 ,May ,2021 ,01:46:01 AM,3.96.188.68,13,0,100%
108,Tue ,18 ,May ,2021 ,01:47:01 AM,3.96.188.68,13,0,100%
109,Tue ,18 ,May ,2021 ,01:48:01 AM,3.96.188.68,13,0,100%
110,Tue ,18 ,May ,2021 ,01:49:02 AM,3.96.188.68,13,0,100%
111,Tue ,18 ,May ,2021 ,01:50:01 AM,3.96.188.68,13,0,100%
112,Tue ,18 ,May ,2021 ,01:51:02 AM,3.96.188.68,13,0,100%
113,Tue ,18 ,May ,2021 ,01:52:01 AM,3.96.188.68,13,0,100%
114,Tue ,18 ,May ,2021 ,01:53:02 AM,3.96.188.68,13,0,100%
115,Tue ,18 ,May ,2021 ,01:54:01 AM,3.96.188.68,13,0,100%
116,Tue ,18 ,May ,2021 ,01:55:02 AM,3.96.188.68,13,0,100%
117,Tue ,18 ,May ,2021 ,01:56:01 AM,3.96.188.68,13,0,100%
118,Tue ,18 ,May ,2021 ,01:57:02 AM,3.96.188.68,13,0,100%
119,Tue ,18 ,May ,2021 ,01:58:01 AM,3.96.188.68,13,0,100%
120,Tue ,18 ,May ,2021 ,01:59:01 AM,3.96.188.68,13,0,100%
121,Tue ,18 ,May ,2021 ,02:00:01 AM,3.96.188.68,13,0,100%
122,Tue ,18 ,May ,2021 ,02:01:01 AM,3.96.188.68,13,0,100%
123,Tue ,18 ,May ,2021 ,02:02:01 AM,3.96.188.68,13,0,100%
124,Tue ,18 ,May ,2021 ,02:03:01 AM,3.96.188.68,13,0,100%
125,Tue ,18 ,May ,2021 ,02:04:01 AM,3.96.188.68,13,0,100%
126,Tue ,18 ,May ,2021 ,02:05:01 AM,3.96.188.68,13,0,100%
127,Tue ,18 ,May ,2021 ,02:06:01 AM,3.96.188.68,13,0,100%
128,Tue ,18 ,May ,2021 ,02:07:01 AM,3.96.188.68,13,0,100%
129,Tue ,18 ,May ,2021 ,02:08:01 AM,3.96.188.68,13,0,100%
130,Tue ,18 ,May ,2021 ,02:09:01 AM,3.96.188.68,13,0,100%
131,Tue ,18 ,May ,2021 ,02:10:01 AM,3.96.188.68,13,0,100%
132,Tue ,18 ,May ,2021 ,02:11:01 AM,3.96.188.68,13,0,100%
133,Tue ,18 ,May ,2021 ,02:12:01 AM,3.96.188.68,13,0,100%
134,Tue ,18 ,May ,2021 ,02:13:01 AM,3.96.188.68,13,0,100%
135,Tue ,18 ,May ,2021 ,02:14:01 AM,3.96.188.68,13,0,100%
136,Tue ,18 ,May ,2021 ,02:15:01 AM,3.96.188.68,13,0,100%
137,Tue ,18 ,May ,2021 ,02:16:01 AM,3.96.188.68,13,0,100%
138,Tue ,18 ,May ,2021 ,02:17:01 AM,3.96.188.68,13,0,100%
139,Tue ,18 ,May ,2021 ,02:18:01 AM,3.96.188.68,13,0,100%
140,Tue ,18 ,May ,2021 ,02:19:01 AM,3.96.188.68,13,0,100%
141,Tue ,18 ,May ,2021 ,02:20:01 AM,3.96.188.68,13,0,100%
142,Tue ,18 ,May ,2021 ,02:21:01 AM,3.96.188.68,13,0,100%
143,Tue ,18 ,May ,2021 ,02:22:01 AM,3.96.188.68,13,0,100%
144,Tue ,18 ,May ,2021 ,02:23:01 AM,3.96.188.68,13,0,100%
145,Tue ,18 ,May ,2021 ,02:24:01 AM,3.96.188.68,13,0,100%
146,Tue ,18 ,May ,2021 ,02:25:01 AM,3.96.188.68,13,0,100%
147,Tue ,18 ,May ,2021 ,02:26:01 AM,3.96.188.68,13,0,100%
148,Tue ,18 ,May ,2021 ,02:27:01 AM,3.96.188.68,13,0,100%
149,Tue ,18 ,May ,2021 ,02:28:02 AM,3.96.188.68,13,0,100%
150,Tue ,18 ,May ,2021 ,02:29:01 AM,3.96.188.68,13,0,100%
151,Tue ,18 ,May ,2021 ,02:30:02 AM,3.96.188.68,13,0,100%
152,Tue ,18 ,May ,2021 ,02:31:01 AM,3.96.188.68,13,0,100%
153,Tue ,18 ,May ,2021 ,02:32:02 AM,3.96.188.68,13,0,100%
154,Tue ,18 ,May ,2021 ,02:33:01 AM,3.96.188.68,13,0,100%
155,Tue ,18 ,May ,2021 ,02:34:02 AM,3.96.188.68,13,0,100%
156,Tue ,18 ,May ,2021 ,02:35:01 AM,3.96.188.68,13,0,100%
157,Tue ,18 ,May ,2021 ,02:36:01 AM,3.96.188.68,13,0,100%
158,Tue ,18 ,May ,2021 ,02:37:01 AM,3.96.188.68,13,0,100%
159,Tue ,18 ,May ,2021 ,02:38:01 AM,3.96.188.68,13,0,100%
160,Tue ,18 ,May ,2021 ,02:39:01 AM,3.96.188.68,13,0,100%
161,Tue ,18 ,May ,2021 ,02:40:02 AM,3.96.188.68,13,0,100%
162,Tue ,18 ,May ,2021 ,02:41:01 AM,3.96.188.68,13,0,100%
163,Tue ,18 ,May ,2021 ,02:42:02 AM,3.96.188.68,13,0,100%
164,Tue ,18 ,May ,2021 ,02:43:01 AM,3.96.188.68,13,0,100%
165,Tue ,18 ,May ,2021 ,02:44:02 AM,3.96.188.68,13,0,100%
166,Tue ,18 ,May ,2021 ,02:45:01 AM,3.96.188.68,13,0,100%
167,Tue ,18 ,May ,2021 ,02:46:02 AM,3.96.188.68,13,0,100%
168,Tue ,18 ,May ,2021 ,02:47:01 AM,3.96.188.68,13,0,100%
169,Tue ,18 ,May ,2021 ,02:48:02 AM,3.96.188.68,13,0,100%
170,Tue ,18 ,May ,2021 ,02:49:01 AM,3.96.188.68,13,0,100%
171,Tue ,18 ,May ,2021 ,02:50:01 AM,3.96.188.68,13,0,100%
172,Tue ,18 ,May ,2021 ,02:51:01 AM,3.96.188.68,13,0,100%
173,Tue ,18 ,May ,2021 ,02:52:01 AM,3.96.188.68,13,0,100%
174,Tue ,18 ,May ,2021 ,02:53:01 AM,3.96.188.68,13,0,100%
175,Tue ,18 ,May ,2021 ,02:54:02 AM,3.96.188.68,13,0,100%
176,Tue ,18 ,May ,2021 ,02:55:01 AM,3.96.188.68,13,0,100%
177,Tue ,18 ,May ,2021 ,02:56:01 AM,3.96.188.68,13,0,100%
178,Tue ,18 ,May ,2021 ,02:57:01 AM,3.96.188.68,13,0,100%
179,Tue ,18 ,May ,2021 ,02:58:01 AM,3.96.188.68,13,0,100%
180,Tue ,18 ,May ,2021 ,02:59:01 AM,3.96.188.68,13,0,100%
181,Tue ,18 ,May ,2021 ,03:00:01 AM,3.96.188.68,13,0,100%
182,Tue ,18 ,May ,2021 ,03:01:01 AM,3.96.188.68,13,0,100%
183,Tue ,18 ,May ,2021 ,03:02:01 AM,3.96.188.68,13,0,100%
184,Tue ,18 ,May ,2021 ,03:03:01 AM,3.96.188.68,13,0,100%
185,Tue ,18 ,May ,2021 ,03:04:01 AM,3.96.188.68,13,0,100%
186,Tue ,18 ,May ,2021 ,03:05:01 AM,3.96.188.68,13,0,100%
187,Tue ,18 ,May ,2021 ,03:06:01 AM,3.96.188.68,13,0,100%
188,Tue ,18 ,May ,2021 ,03:07:02 AM,3.96.188.68,13,0,100%
189,Tue ,18 ,May ,2021 ,03:08:01 AM,3.96.188.68,13,0,100%
190,Tue ,18 ,May ,2021 ,03:09:02 AM,3.96.188.68,13,0,100%
191,Tue ,18 ,May ,2021 ,03:10:01 AM,3.96.188.68,13,0,100%
192,Tue ,18 ,May ,2021 ,03:11:01 AM,3.96.188.68,13,0,100%
193,Tue ,18 ,May ,2021 ,03:12:01 AM,3.96.188.68,13,0,100%
194,Tue ,18 ,May ,2021 ,03:13:01 AM,3.96.188.68,13,0,100%
195,Tue ,18 ,May ,2021 ,03:14:01 AM,3.96.188.68,13,0,100%
196,Tue ,18 ,May ,2021 ,03:15:02 AM,3.96.188.68,13,0,100%
197,Tue ,18 ,May ,2021 ,03:16:01 AM,3.96.188.68,13,0,100%
198,Tue ,18 ,May ,2021 ,03:17:02 AM,3.96.188.68,13,0,100%
199,Tue ,18 ,May ,2021 ,03:18:01 AM,3.96.188.68,13,0,100%
200,Tue ,18 ,May ,2021 ,03:19:02 AM,3.96.188.68,13,0,100%
201,Tue ,18 ,May ,2021 ,03:20:01 AM,3.96.188.68,13,0,100%
202,Tue ,18 ,May ,2021 ,03:21:02 AM,3.96.188.68,13,0,100%
203,Tue ,18 ,May ,2021 ,03:22:01 AM,3.96.188.68,13,0,100%
204,Tue ,18 ,May ,2021 ,03:23:01 AM,3.96.188.68,13,0,100%
205,Tue ,18 ,May ,2021 ,03:24:01 AM,3.96.188.68,13,0,100%
206,Tue ,18 ,May ,2021 ,03:25:01 AM,3.96.188.68,13,0,100%
207,Tue ,18 ,May ,2021 ,03:26:01 AM,3.96.188.68,13,0,100%
208,Tue ,18 ,May ,2021 ,03:27:01 AM,3.96.188.68,13,0,100%
209,Tue ,18 ,May ,2021 ,03:28:02 AM,3.96.188.68,13,0,100%
210,Tue ,18 ,May ,2021 ,03:29:01 AM,3.96.188.68,13,0,100%
211,Tue ,18 ,May ,2021 ,03:30:02 AM,3.96.188.68,13,0,100%
212,Tue ,18 ,May ,2021 ,03:31:01 AM,3.96.188.68,13,0,100%
213,Tue ,18 ,May ,2021 ,03:32:02 AM,3.96.188.68,13,0,100%
214,Tue ,18 ,May ,2021 ,03:33:01 AM,3.96.188.68,13,0,100%
215,Tue ,18 ,May ,2021 ,03:34:01 AM,3.96.188.68,13,0,100%
216,Tue ,18 ,May ,2021 ,03:35:01 AM,3.96.188.68,13,0,100%
217,Tue ,18 ,May ,2021 ,03:36:01 AM,3.96.188.68,13,0,100%
218,Tue ,18 ,May ,2021 ,03:37:01 AM,3.96.188.68,13,0,100%
219,Tue ,18 ,May ,2021 ,03:38:01 AM,3.96.188.68,13,0,100%
220,Tue ,18 ,May ,2021 ,03:39:01 AM,3.96.188.68,13,0,100%
221,Tue ,18 ,May ,2021 ,03:40:01 AM,3.96.188.68,13,0,100%
222,Tue ,18 ,May ,2021 ,03:41:01 AM,3.96.188.68,13,0,100%
223,Tue ,18 ,May ,2021 ,03:42:01 AM,3.96.188.68,13,0,100%
224,Tue ,18 ,May ,2021 ,03:43:02 AM,3.96.188.68,13,0,100%
225,Tue ,18 ,May ,2021 ,03:44:01 AM,3.96.188.68,13,0,100%
226,Tue ,18 ,May ,2021 ,03:45:02 AM,3.96.188.68,13,0,100%
227,Tue ,18 ,May ,2021 ,03:46:01 AM,3.96.188.68,13,0,100%
228,Tue ,18 ,May ,2021 ,03:47:02 AM,3.96.188.68,13,0,100%
229,Tue ,18 ,May ,2021 ,03:48:01 AM,3.96.188.68,13,0,100%
230,Tue ,18 ,May ,2021 ,03:49:02 AM,3.96.188.68,13,0,100%
231,Tue ,18 ,May ,2021 ,03:50:01 AM,3.96.188.68,13,0,100%
232,Tue ,18 ,May ,2021 ,03:51:01 AM,3.96.188.68,13,0,100%
233,Tue ,18 ,May ,2021 ,03:52:01 AM,3.96.188.68,13,0,100%
234,Tue ,18 ,May ,2021 ,03:53:01 AM,3.96.188.68,13,0,100%
235,Tue ,18 ,May ,2021 ,03:54:01 AM,3.96.188.68,13,0,100%
236,Tue ,18 ,May ,2021 ,03:55:01 AM,3.96.188.68,13,0,100%
237,Tue ,18 ,May ,2021 ,03:56:01 AM,3.96.188.68,13,0,100%
238,Tue ,18 ,May ,2021 ,03:57:01 AM,3.96.188.68,13,0,100%
239,Tue ,18 ,May ,2021 ,03:58:01 AM,3.96.188.68,13,0,100%
240,Tue ,18 ,May ,2021 ,03:59:01 AM,3.96.188.68,13,0,100%
241,Tue ,18 ,May ,2021 ,04:00:01 AM,3.96.188.68,13,0,100%
242,Tue ,18 ,May ,2021 ,04:01:01 AM,3.96.188.68,13,0,100%
243,Tue ,18 ,May ,2021 ,04:02:02 AM,3.96.188.68,13,0,100%
244,Tue ,18 ,May ,2021 ,04:03:01 AM,3.96.188.68,13,0,100%
245,Tue ,18 ,May ,2021 ,04:04:02 AM,3.96.188.68,13,0,100%
246,Tue ,18 ,May ,2021 ,04:05:01 AM,3.96.188.68,13,0,100%
247,Tue ,18 ,May ,2021 ,04:06:01 AM,3.96.188.68,13,0,100%
248,Tue ,18 ,May ,2021 ,04:07:01 AM,3.96.188.68,13,0,100%
249,Tue ,18 ,May ,2021 ,04:08:01 AM,3.96.188.68,13,0,100%
250,Tue ,18 ,May ,2021 ,04:09:01 AM,3.96.188.68,13,0,100%
251,Tue ,18 ,May ,2021 ,04:10:01 AM,3.96.188.68,13,0,100%
252,Tue ,18 ,May ,2021 ,04:11:01 AM,3.96.188.68,13,0,100%
253,Tue ,18 ,May ,2021 ,04:12:01 AM,3.96.188.68,13,0,100%
254,Tue ,18 ,May ,2021 ,04:13:01 AM,3.96.188.68,13,0,100%
255,Tue ,18 ,May ,2021 ,04:14:01 AM,3.96.188.68,13,0,100%
256,Tue ,18 ,May ,2021 ,04:15:01 AM,3.96.188.68,13,0,100%
257,Tue ,18 ,May ,2021 ,04:16:01 AM,3.96.188.68,13,0,100%
258,Tue ,18 ,May ,2021 ,04:17:01 AM,3.96.188.68,13,0,100%
259,Tue ,18 ,May ,2021 ,04:18:01 AM,3.96.188.68,13,0,100%
260,Tue ,18 ,May ,2021 ,04:19:01 AM,3.96.188.68,13,0,100%
261,Tue ,18 ,May ,2021 ,04:20:01 AM,3.96.188.68,13,0,100%
262,Tue ,18 ,May ,2021 ,04:21:01 AM,3.96.188.68,13,0,100%
263,Tue ,18 ,May ,2021 ,04:22:01 AM,3.96.188.68,13,0,100%
264,Tue ,18 ,May ,2021 ,04:23:01 AM,3.96.188.68,13,0,100%
265,Tue ,18 ,May ,2021 ,04:24:01 AM,3.96.188.68,13,0,100%
266,Tue ,18 ,May ,2021 ,04:25:01 AM,3.96.188.68,13,0,100%
267,Tue ,18 ,May ,2021 ,04:26:02 AM,3.96.188.68,13,0,100%
268,Tue ,18 ,May ,2021 ,04:27:01 AM,3.96.188.68,13,0,100%
269,Tue ,18 ,May ,2021 ,04:28:01 AM,3.96.188.68,13,0,100%
270,Tue ,18 ,May ,2021 ,04:29:01 AM,3.96.188.68,13,0,100%
271,Tue ,18 ,May ,2021 ,04:30:01 AM,3.96.188.68,13,0,100%
272,Tue ,18 ,May ,2021 ,04:31:01 AM,3.96.188.68,13,0,100%
273,Tue ,18 ,May ,2021 ,04:32:01 AM,3.96.188.68,13,0,100%
274,Tue ,18 ,May ,2021 ,04:33:01 AM,3.96.188.68,13,0,100%
275,Tue ,18 ,May ,2021 ,04:34:01 AM,3.96.188.68,13,0,100%
276,Tue ,18 ,May ,2021 ,04:35:01 AM,3.96.188.68,13,0,100%
277,Tue ,18 ,May ,2021 ,04:36:01 AM,3.96.188.68,13,0,100%
278,Tue ,18 ,May ,2021 ,04:37:02 AM,3.96.188.68,13,0,100%
279,Tue ,18 ,May ,2021 ,04:38:01 AM,3.96.188.68,13,0,100%
280,Tue ,18 ,May ,2021 ,04:39:01 AM,3.96.188.68,13,0,100%
281,Tue ,18 ,May ,2021 ,04:40:01 AM,3.96.188.68,13,0,100%
282,Tue ,18 ,May ,2021 ,04:41:02 AM,3.96.188.68,13,0,100%
283,Tue ,18 ,May ,2021 ,04:42:01 AM,3.96.188.68,13,0,100%
284,Tue ,18 ,May ,2021 ,04:43:02 AM,3.96.188.68,13,0,100%
285,Tue ,18 ,May ,2021 ,04:44:01 AM,3.96.188.68,13,0,100%
286,Tue ,18 ,May ,2021 ,04:45:02 AM,3.96.188.68,13,0,100%
287,Tue ,18 ,May ,2021 ,04:46:01 AM,3.96.188.68,13,0,100%
288,Tue ,18 ,May ,2021 ,04:47:02 AM,3.96.188.68,13,0,100%
289,Tue ,18 ,May ,2021 ,04:48:01 AM,3.96.188.68,13,0,100%
290,Tue ,18 ,May ,2021 ,04:49:01 AM,3.96.188.68,13,0,100%
291,Tue ,18 ,May ,2021 ,04:50:01 AM,3.96.188.68,13,0,100%
292,Tue ,18 ,May ,2021 ,04:51:01 AM,3.96.188.68,13,0,100%
293,Tue ,18 ,May ,2021 ,04:52:01 AM,3.96.188.68,13,0,100%
294,Tue ,18 ,May ,2021 ,04:53:01 AM,3.96.188.68,13,0,100%
295,Tue ,18 ,May ,2021 ,04:54:02 AM,3.96.188.68,13,0,100%
296,Tue ,18 ,May ,2021 ,04:55:01 AM,3.96.188.68,13,0,100%
297,Tue ,18 ,May ,2021 ,04:56:02 AM,3.96.188.68,13,0,100%
298,Tue ,18 ,May ,2021 ,04:57:01 AM,3.96.188.68,13,0,100%
299,Tue ,18 ,May ,2021 ,04:58:02 AM,3.96.188.68,13,0,100%
300,Tue ,18 ,May ,2021 ,04:59:01 AM,3.96.188.68,13,0,100%
301,Tue ,18 ,May ,2021 ,05:00:02 AM,3.96.188.68,13,0,100%
302,Tue ,18 ,May ,2021 ,05:01:01 AM,3.96.188.68,13,0,100%
303,Tue ,18 ,May ,2021 ,05:02:01 AM,3.96.188.68,13,0,100%
304,Tue ,18 ,May ,2021 ,05:03:01 AM,3.96.188.68,13,0,100%
305,Tue ,18 ,May ,2021 ,05:04:01 AM,3.96.188.68,13,0,100%
306,Tue ,18 ,May ,2021 ,05:05:01 AM,3.96.188.68,13,0,100%
307,Tue ,18 ,May ,2021 ,05:06:01 AM,3.96.188.68,13,0,100%
308,Tue ,18 ,May ,2021 ,05:07:01 AM,3.96.188.68,13,0,100%
309,Tue ,18 ,May ,2021 ,05:08:02 AM,3.96.188.68,13,0,100%
310,Tue ,18 ,May ,2021 ,05:09:01 AM,3.96.188.68,13,0,100%
311,Tue ,18 ,May ,2021 ,05:10:02 AM,3.96.188.68,13,0,100%
312,Tue ,18 ,May ,2021 ,05:11:01 AM,3.96.188.68,13,0,100%
313,Tue ,18 ,May ,2021 ,05:12:01 AM,3.96.188.68,13,0,100%
314,Tue ,18 ,May ,2021 ,05:13:01 AM,3.96.188.68,13,0,100%
315,Tue ,18 ,May ,2021 ,05:14:02 AM,3.96.188.68,13,0,100%
316,Tue ,18 ,May ,2021 ,05:15:01 AM,3.96.188.68,13,0,100%
317,Tue ,18 ,May ,2021 ,05:16:01 AM,3.96.188.68,13,0,100%
318,Tue ,18 ,May ,2021 ,05:17:01 AM,3.96.188.68,13,0,100%
319,Tue ,18 ,May ,2021 ,05:18:01 AM,3.96.188.68,13,0,100%
320,Tue ,18 ,May ,2021 ,05:19:01 AM,3.96.188.68,13,0,100%
321,Tue ,18 ,May ,2021 ,05:20:01 AM,3.96.188.68,13,0,100%
322,Tue ,18 ,May ,2021 ,05:21:01 AM,3.96.188.68,13,0,100%
323,Tue ,18 ,May ,2021 ,05:22:01 AM,3.96.188.68,13,0,100%
324,Tue ,18 ,May ,2021 ,05:23:01 AM,3.96.188.68,13,0,100%
325,Tue ,18 ,May ,2021 ,05:24:01 AM,3.96.188.68,13,0,100%
326,Tue ,18 ,May ,2021 ,05:25:02 AM,3.96.188.68,13,0,100%
327,Tue ,18 ,May ,2021 ,05:26:01 AM,3.96.188.68,13,0,100%
328,Tue ,18 ,May ,2021 ,05:27:02 AM,3.96.188.68,13,0,100%
329,Tue ,18 ,May ,2021 ,05:28:01 AM,3.96.188.68,13,0,100%
330,Tue ,18 ,May ,2021 ,05:29:02 AM,3.96.188.68,13,0,100%
331,Tue ,18 ,May ,2021 ,05:30:01 AM,3.96.188.68,13,0,100%
332,Tue ,18 ,May ,2021 ,05:31:02 AM,3.96.188.68,13,0,100%
333,Tue ,18 ,May ,2021 ,05:32:01 AM,3.96.188.68,13,0,100%
334,Tue ,18 ,May ,2021 ,05:33:02 AM,3.96.188.68,13,0,100%
335,Tue ,18 ,May ,2021 ,05:34:01 AM,3.96.188.68,13,0,100%
336,Tue ,18 ,May ,2021 ,05:35:01 AM,3.96.188.68,13,0,100%
337,Tue ,18 ,May ,2021 ,05:36:01 AM,3.96.188.68,13,0,100%
338,Tue ,18 ,May ,2021 ,05:37:01 AM,3.96.188.68,13,0,100%
339,Tue ,18 ,May ,2021 ,05:38:01 AM,3.96.188.68,13,0,100%
340,Tue ,18 ,May ,2021 ,05:39:02 AM,3.96.188.68,13,0,100%
341,Tue ,18 ,May ,2021 ,05:40:01 AM,3.96.188.68,13,0,100%
342,Tue ,18 ,May ,2021 ,05:41:02 AM,3.96.188.68,13,0,100%
343,Tue ,18 ,May ,2021 ,05:42:01 AM,3.96.188.68,13,0,100%
344,Tue ,18 ,May ,2021 ,05:43:01 AM,3.96.188.68,13,0,100%
345,Tue ,18 ,May ,2021 ,05:44:01 AM,3.96.188.68,13,0,100%
346,Tue ,18 ,May ,2021 ,05:45:01 AM,3.96.188.68,13,0,100%
347,Tue ,18 ,May ,2021 ,05:46:01 AM,3.96.188.68,13,0,100%
348,Tue ,18 ,May ,2021 ,05:47:01 AM,3.96.188.68,13,0,100%
349,Tue ,18 ,May ,2021 ,05:48:02 AM,3.96.188.68,13,0,100%
350,Tue ,18 ,May ,2021 ,05:49:01 AM,3.96.188.68,13,0,100%
351,Tue ,18 ,May ,2021 ,05:50:02 AM,3.96.188.68,13,0,100%
352,Tue ,18 ,May ,2021 ,05:51:01 AM,3.96.188.68,13,0,100%
353,Tue ,18 ,May ,2021 ,05:52:02 AM,3.96.188.68,13,0,100%
354,Tue ,18 ,May ,2021 ,05:53:01 AM,3.96.188.68,13,0,100%
355,Tue ,18 ,May ,2021 ,05:54:01 AM,3.96.188.68,13,0,100%
356,Tue ,18 ,May ,2021 ,05:55:01 AM,3.96.188.68,13,0,100%
357,Tue ,18 ,May ,2021 ,05:56:01 AM,3.96.188.68,13,0,100%
358,Tue ,18 ,May ,2021 ,05:57:01 AM,3.96.188.68,13,0,100%
359,Tue ,18 ,May ,2021 ,05:58:01 AM,3.96.188.68,13,0,100%
360,Tue ,18 ,May ,2021 ,05:59:01 AM,3.96.188.68,13,0,100%
361,Tue ,18 ,May ,2021 ,06:00:02 AM,3.96.188.68,13,0,100%
362,Tue ,18 ,May ,2021 ,06:01:01 AM,3.96.188.68,13,0,100%
363,Tue ,18 ,May ,2021 ,06:02:02 AM,3.96.188.68,13,0,100%
364,Tue ,18 ,May ,2021 ,06:03:01 AM,3.96.188.68,13,0,100%
365,Tue ,18 ,May ,2021 ,06:04:02 AM,3.96.188.68,13,0,100%
366,Tue ,18 ,May ,2021 ,06:05:01 AM,3.96.188.68,13,0,100%
367,Tue ,18 ,May ,2021 ,06:06:02 AM,3.96.188.68,13,0,100%
368,Tue ,18 ,May ,2021 ,06:07:01 AM,3.96.188.68,13,0,100%
369,Tue ,18 ,May ,2021 ,06:08:02 AM,3.96.188.68,13,0,100%
370,Tue ,18 ,May ,2021 ,06:09:01 AM,3.96.188.68,13,0,100%
371,Tue ,18 ,May ,2021 ,06:10:02 AM,3.96.188.68,13,0,100%
372,Tue ,18 ,May ,2021 ,06:11:01 AM,3.96.188.68,13,0,100%
373,Tue ,18 ,May ,2021 ,06:12:02 AM,3.96.188.68,13,0,100%
374,Tue ,18 ,May ,2021 ,06:13:01 AM,3.96.188.68,13,0,100%
375,Tue ,18 ,May ,2021 ,06:14:02 AM,3.96.188.68,13,0,100%
376,Tue ,18 ,May ,2021 ,06:15:01 AM,3.96.188.68,13,0,100%
377,Tue ,18 ,May ,2021 ,06:16:01 AM,3.96.188.68,13,0,100%
378,Tue ,18 ,May ,2021 ,06:17:01 AM,3.96.188.68,13,0,100%
379,Tue ,18 ,May ,2021 ,06:18:02 AM,3.96.188.68,13,0,100%
380,Tue ,18 ,May ,2021 ,06:19:01 AM,3.96.188.68,13,0,100%
381,Tue ,18 ,May ,2021 ,06:20:01 AM,3.96.188.68,13,0,100%
382,Tue ,18 ,May ,2021 ,06:21:01 AM,3.96.188.68,13,0,100%
383,Tue ,18 ,May ,2021 ,06:22:01 AM,3.96.188.68,13,0,100%
384,Tue ,18 ,May ,2021 ,06:23:01 AM,3.96.188.68,13,0,100%
385,Tue ,18 ,May ,2021 ,06:24:01 AM,3.96.188.68,13,0,100%
386,Tue ,18 ,May ,2021 ,06:25:01 AM,3.96.188.68,13,0,100%
387,Tue ,18 ,May ,2021 ,06:26:01 AM,3.96.188.68,13,0,100%
388,Tue ,18 ,May ,2021 ,06:27:01 AM,3.96.188.68,13,0,100%
389,Tue ,18 ,May ,2021 ,06:28:01 AM,3.96.188.68,13,0,100%
390,Tue ,18 ,May ,2021 ,06:29:01 AM,3.96.188.68,13,0,100%
391,Tue ,18 ,May ,2021 ,06:30:01 AM,3.96.188.68,13,0,100%
392,Tue ,18 ,May ,2021 ,06:31:01 AM,3.96.188.68,13,0,100%
393,Tue ,18 ,May ,2021 ,06:32:01 AM,3.96.188.68,13,0,100%
394,Tue ,18 ,May ,2021 ,06:33:01 AM,3.96.188.68,13,0,100%
395,Tue ,18 ,May ,2021 ,06:34:01 AM,3.96.188.68,13,0,100%
396,Tue ,18 ,May ,2021 ,06:35:01 AM,3.96.188.68,13,0,100%
397,Tue ,18 ,May ,2021 ,06:36:01 AM,3.96.188.68,13,0,100%
398,Tue ,18 ,May ,2021 ,06:37:01 AM,3.96.188.68,13,0,100%
399,Tue ,18 ,May ,2021 ,06:38:01 AM,3.96.188.68,13,0,100%
400,Tue ,18 ,May ,2021 ,06:39:01 AM,3.96.188.68,13,0,100%
401,Tue ,18 ,May ,2021 ,06:40:01 AM,3.96.188.68,13,0,100%
402,Tue ,18 ,May ,2021 ,06:41:01 AM,3.96.188.68,13,0,100%
403,Tue ,18 ,May ,2021 ,06:42:01 AM,3.96.188.68,13,0,100%
404,Tue ,18 ,May ,2021 ,06:43:01 AM,3.96.188.68,13,0,100%
405,Tue ,18 ,May ,2021 ,06:44:01 AM,3.96.188.68,13,0,100%
406,Tue ,18 ,May ,2021 ,06:45:01 AM,3.96.188.68,13,0,100%
407,Tue ,18 ,May ,2021 ,06:46:01 AM,3.96.188.68,13,0,100%
408,Tue ,18 ,May ,2021 ,06:47:02 AM,3.96.188.68,13,0,100%
409,Tue ,18 ,May ,2021 ,06:48:01 AM,3.96.188.68,13,0,100%
410,Tue ,18 ,May ,2021 ,06:49:02 AM,3.96.188.68,13,0,100%
411,Tue ,18 ,May ,2021 ,06:50:01 AM,3.96.188.68,13,0,100%
412,Tue ,18 ,May ,2021 ,06:51:02 AM,3.96.188.68,13,0,100%
413,Tue ,18 ,May ,2021 ,06:52:01 AM,3.96.188.68,13,0,100%
414,Tue ,18 ,May ,2021 ,06:53:02 AM,3.96.188.68,13,0,100%
415,Tue ,18 ,May ,2021 ,06:54:01 AM,3.96.188.68,13,0,100%
416,Tue ,18 ,May ,2021 ,06:55:02 AM,3.96.188.68,13,0,100%
417,Tue ,18 ,May ,2021 ,06:56:01 AM,3.96.188.68,13,0,100%
418,Tue ,18 ,May ,2021 ,06:57:01 AM,3.96.188.68,13,0,100%
419,Tue ,18 ,May ,2021 ,06:58:01 AM,3.96.188.68,13,0,100%
420,Tue ,18 ,May ,2021 ,06:59:01 AM,3.96.188.68,13,0,100%
421,Tue ,18 ,May ,2021 ,07:00:01 AM,3.96.188.68,13,0,100%
422,Tue ,18 ,May ,2021 ,07:01:01 AM,3.96.188.68,13,0,100%
423,Tue ,18 ,May ,2021 ,07:02:01 AM,3.96.188.68,13,0,100%
424,Tue ,18 ,May ,2021 ,07:03:01 AM,3.96.188.68,13,0,100%
425,Tue ,18 ,May ,2021 ,07:04:02 AM,3.96.188.68,13,0,100%
426,Tue ,18 ,May ,2021 ,07:05:01 AM,3.96.188.68,13,0,100%
427,Tue ,18 ,May ,2021 ,07:06:02 AM,3.96.188.68,13,0,100%
428,Tue ,18 ,May ,2021 ,07:07:01 AM,3.96.188.68,13,0,100%
429,Tue ,18 ,May ,2021 ,07:08:02 AM,3.96.188.68,13,0,100%
430,Tue ,18 ,May ,2021 ,07:09:01 AM,3.96.188.68,13,0,100%
431,Tue ,18 ,May ,2021 ,07:10:02 AM,3.96.188.68,13,0,100%
432,Tue ,18 ,May ,2021 ,07:11:01 AM,3.96.188.68,13,0,100%
433,Tue ,18 ,May ,2021 ,07:12:02 AM,3.96.188.68,13,0,100%
434,Tue ,18 ,May ,2021 ,07:13:01 AM,3.96.188.68,13,0,100%
435,Tue ,18 ,May ,2021 ,07:14:02 AM,3.96.188.68,13,0,100%
436,Tue ,18 ,May ,2021 ,07:15:01 AM,3.96.188.68,13,0,100%
437,Tue ,18 ,May ,2021 ,07:16:02 AM,3.96.188.68,13,0,100%
438,Tue ,18 ,May ,2021 ,07:17:01 AM,3.96.188.68,13,0,100%
439,Tue ,18 ,May ,2021 ,07:18:02 AM,3.96.188.68,13,0,100%
440,Tue ,18 ,May ,2021 ,07:19:01 AM,3.96.188.68,13,0,100%
441,Tue ,18 ,May ,2021 ,07:20:02 AM,3.96.188.68,13,0,100%
442,Tue ,18 ,May ,2021 ,07:21:01 AM,3.96.188.68,13,0,100%
443,Tue ,18 ,May ,2021 ,07:22:02 AM,3.96.188.68,13,0,100%
444,Tue ,18 ,May ,2021 ,07:23:01 AM,3.96.188.68,13,0,100%
445,Tue ,18 ,May ,2021 ,07:24:02 AM,3.96.188.68,13,0,100%
446,Tue ,18 ,May ,2021 ,07:25:01 AM,3.96.188.68,13,0,100%
447,Tue ,18 ,May ,2021 ,07:26:01 AM,3.96.188.68,13,0,100%
448,Tue ,18 ,May ,2021 ,07:27:01 AM,3.96.188.68,13,0,100%
449,Tue ,18 ,May ,2021 ,07:28:01 AM,3.96.188.68,13,0,100%
450,Tue ,18 ,May ,2021 ,07:29:01 AM,3.96.188.68,13,0,100%
451,Tue ,18 ,May ,2021 ,07:30:01 AM,3.96.188.68,13,0,100%
452,Tue ,18 ,May ,2021 ,07:31:01 AM,3.96.188.68,13,0,100%
453,Tue ,18 ,May ,2021 ,07:32:01 AM,3.96.188.68,13,0,100%
454,Tue ,18 ,May ,2021 ,07:33:01 AM,3.96.188.68,13,0,100%
455,Tue ,18 ,May ,2021 ,07:34:01 AM,3.96.188.68,13,0,100%
456,Tue ,18 ,May ,2021 ,07:35:01 AM,3.96.188.68,13,0,100%
457,Tue ,18 ,May ,2021 ,07:36:01 AM,3.96.188.68,13,0,100%
458,Tue ,18 ,May ,2021 ,07:37:01 AM,3.96.188.68,13,0,100%
459,Tue ,18 ,May ,2021 ,07:38:01 AM,3.96.188.68,13,0,100%
460,Tue ,18 ,May ,2021 ,07:39:01 AM,3.96.188.68,13,0,100%
461,Tue ,18 ,May ,2021 ,07:40:02 AM,3.96.188.68,13,0,100%
462,Tue ,18 ,May ,2021 ,07:41:01 AM,3.96.188.68,13,0,100%
463,Tue ,18 ,May ,2021 ,07:42:02 AM,3.96.188.68,13,0,100%
464,Tue ,18 ,May ,2021 ,07:43:01 AM,3.96.188.68,13,0,100%
465,Tue ,18 ,May ,2021 ,07:44:01 AM,3.96.188.68,13,0,100%
466,Tue ,18 ,May ,2021 ,07:45:01 AM,3.96.188.68,13,0,100%
467,Tue ,18 ,May ,2021 ,07:46:01 AM,3.96.188.68,13,0,100%
468,Tue ,18 ,May ,2021 ,07:47:01 AM,3.96.188.68,13,0,100%
469,Tue ,18 ,May ,2021 ,07:48:01 AM,3.96.188.68,13,0,100%
470,Tue ,18 ,May ,2021 ,07:49:01 AM,3.96.188.68,13,0,100%
471,Tue ,18 ,May ,2021 ,07:50:01 AM,3.96.188.68,13,0,100%
472,Tue ,18 ,May ,2021 ,07:51:01 AM,3.96.188.68,13,0,100%
473,Tue ,18 ,May ,2021 ,07:52:01 AM,3.96.188.68,13,0,100%
474,Tue ,18 ,May ,2021 ,07:53:02 AM,3.96.188.68,13,0,100%
475,Tue ,18 ,May ,2021 ,07:54:01 AM,3.96.188.68,13,0,100%
476,Tue ,18 ,May ,2021 ,07:55:02 AM,3.96.188.68,13,0,100%
477,Tue ,18 ,May ,2021 ,07:56:01 AM,3.96.188.68,13,0,100%
478,Tue ,18 ,May ,2021 ,07:57:01 AM,3.96.188.68,13,0,100%
479,Tue ,18 ,May ,2021 ,07:58:01 AM,3.96.188.68,13,0,100%
480,Tue ,18 ,May ,2021 ,07:59:02 AM,3.96.188.68,13,0,100%
481,Tue ,18 ,May ,2021 ,08:00:01 AM,3.96.188.68,13,0,100%
482,Tue ,18 ,May ,2021 ,08:01:02 AM,3.96.188.68,13,0,100%
483,Tue ,18 ,May ,2021 ,08:02:01 AM,3.96.188.68,13,0,100%
484,Tue ,18 ,May ,2021 ,08:03:02 AM,3.96.188.68,13,0,100%
485,Tue ,18 ,May ,2021 ,08:04:01 AM,3.96.188.68,13,0,100%
486,Tue ,18 ,May ,2021 ,08:05:01 AM,3.96.188.68,13,0,100%
487,Tue ,18 ,May ,2021 ,08:06:01 AM,3.96.188.68,13,0,100%
488,Tue ,18 ,May ,2021 ,08:07:02 AM,3.96.188.68,13,0,100%
489,Tue ,18 ,May ,2021 ,08:08:01 AM,3.96.188.68,13,0,100%
490,Tue ,18 ,May ,2021 ,08:09:02 AM,3.96.188.68,13,0,100%
491,Tue ,18 ,May ,2021 ,08:10:01 AM,3.96.188.68,13,0,100%
492,Tue ,18 ,May ,2021 ,08:11:01 AM,3.96.188.68,13,0,100%
493,Tue ,18 ,May ,2021 ,08:12:01 AM,3.96.188.68,13,0,100%
494,Tue ,18 ,May ,2021 ,08:13:02 AM,3.96.188.68,13,0,100%
495,Tue ,18 ,May ,2021 ,08:14:01 AM,3.96.188.68,13,0,100%
496,Tue ,18 ,May ,2021 ,08:15:02 AM,3.96.188.68,13,0,100%
497,Tue ,18 ,May ,2021 ,08:16:01 AM,3.96.188.68,13,0,100%
498,Tue ,18 ,May ,2021 ,08:17:01 AM,3.96.188.68,13,0,100%
499,Tue ,18 ,May ,2021 ,08:18:01 AM,3.96.188.68,13,0,100%
500,Tue ,18 ,May ,2021 ,08:19:01 AM,3.96.188.68,13,0,100%
501,Tue ,18 ,May ,2021 ,08:20:01 AM,3.96.188.68,13,0,100%
502,Tue ,18 ,May ,2021 ,08:21:01 AM,3.96.188.68,13,0,100%
503,Tue ,18 ,May ,2021 ,08:22:01 AM,3.96.188.68,13,0,100%
504,Tue ,18 ,May ,2021 ,08:23:01 AM,3.96.188.68,13,0,100%
505,Tue ,18 ,May ,2021 ,08:24:01 AM,3.96.188.68,13,0,100%
506,Tue ,18 ,May ,2021 ,08:25:02 AM,3.96.188.68,13,0,100%
507,Tue ,18 ,May ,2021 ,08:26:01 AM,3.96.188.68,13,0,100%
508,Tue ,18 ,May ,2021 ,08:27:01 AM,3.96.188.68,13,0,100%
509,Tue ,18 ,May ,2021 ,08:28:01 AM,3.96.188.68,13,0,100%
510,Tue ,18 ,May ,2021 ,08:29:01 AM,3.96.188.68,13,0,100%
511,Tue ,18 ,May ,2021 ,08:30:01 AM,3.96.188.68,13,0,100%
512,Tue ,18 ,May ,2021 ,08:31:01 AM,3.96.188.68,13,0,100%
513,Tue ,18 ,May ,2021 ,08:32:01 AM,3.96.188.68,13,0,100%
514,Tue ,18 ,May ,2021 ,08:33:01 AM,3.96.188.68,13,0,100%
515,Tue ,18 ,May ,2021 ,08:34:01 AM,3.96.188.68,13,0,100%
516,Tue ,18 ,May ,2021 ,08:35:01 AM,3.96.188.68,13,0,100%
517,Tue ,18 ,May ,2021 ,08:36:01 AM,3.96.188.68,13,0,100%
518,Tue ,18 ,May ,2021 ,08:37:01 AM,3.96.188.68,13,0,100%
519,Tue ,18 ,May ,2021 ,08:38:01 AM,3.96.188.68,13,0,100%
520,Tue ,18 ,May ,2021 ,08:39:01 AM,3.96.188.68,13,0,100%
521,Tue ,18 ,May ,2021 ,08:40:01 AM,3.96.188.68,13,0,100%
522,Tue ,18 ,May ,2021 ,08:41:01 AM,3.96.188.68,13,0,100%
523,Tue ,18 ,May ,2021 ,08:42:01 AM,3.96.188.68,13,0,100%
524,Tue ,18 ,May ,2021 ,08:43:01 AM,3.96.188.68,13,0,100%
525,Tue ,18 ,May ,2021 ,08:44:01 AM,3.96.188.68,13,0,100%
526,Tue ,18 ,May ,2021 ,08:45:01 AM,3.96.188.68,13,0,100%
527,Tue ,18 ,May ,2021 ,08:46:01 AM,3.96.188.68,13,0,100%
528,Tue ,18 ,May ,2021 ,08:47:01 AM,3.96.188.68,13,0,100%
529,Tue ,18 ,May ,2021 ,08:48:01 AM,3.96.188.68,13,0,100%
530,Tue ,18 ,May ,2021 ,08:49:01 AM,3.96.188.68,13,0,100%
531,Tue ,18 ,May ,2021 ,08:50:01 AM,3.96.188.68,13,0,100%
532,Tue ,18 ,May ,2021 ,08:51:01 AM,3.96.188.68,13,0,100%
533,Tue ,18 ,May ,2021 ,08:52:01 AM,3.96.188.68,13,0,100%
534,Tue ,18 ,May ,2021 ,08:53:01 AM,3.96.188.68,13,0,100%
535,Tue ,18 ,May ,2021 ,08:54:01 AM,3.96.188.68,13,0,100%
536,Tue ,18 ,May ,2021 ,08:55:02 AM,3.96.188.68,13,0,100%
537,Tue ,18 ,May ,2021 ,08:56:01 AM,3.96.188.68,13,0,100%
538,Tue ,18 ,May ,2021 ,08:57:02 AM,3.96.188.68,13,0,100%
539,Tue ,18 ,May ,2021 ,08:58:01 AM,3.96.188.68,13,0,100%
540,Tue ,18 ,May ,2021 ,08:59:02 AM,3.96.188.68,13,0,100%
541,Tue ,18 ,May ,2021 ,09:00:01 AM,3.96.188.68,13,0,100%
542,Tue ,18 ,May ,2021 ,09:01:02 AM,3.96.188.68,13,0,100%
543,Tue ,18 ,May ,2021 ,09:02:01 AM,3.96.188.68,13,0,100%
544,Tue ,18 ,May ,2021 ,09:03:02 AM,3.96.188.68,13,0,100%
545,Tue ,18 ,May ,2021 ,09:04:01 AM,3.96.188.68,13,0,100%
546,Tue ,18 ,May ,2021 ,09:05:02 AM,3.96.188.68,13,0,100%
547,Tue ,18 ,May ,2021 ,09:06:01 AM,3.96.188.68,13,0,100%
548,Tue ,18 ,May ,2021 ,09:07:02 AM,3.96.188.68,13,0,100%
549,Tue ,18 ,May ,2021 ,09:08:01 AM,3.96.188.68,13,0,100%
550,Tue ,18 ,May ,2021 ,09:09:02 AM,3.96.188.68,13,0,100%
551,Tue ,18 ,May ,2021 ,09:10:01 AM,3.96.188.68,13,0,100%
552,Tue ,18 ,May ,2021 ,09:11:02 AM,3.96.188.68,13,0,100%
553,Tue ,18 ,May ,2021 ,09:12:01 AM,3.96.188.68,13,0,100%
554,Tue ,18 ,May ,2021 ,09:13:02 AM,3.96.188.68,13,0,100%
555,Tue ,18 ,May ,2021 ,09:14:01 AM,3.96.188.68,13,0,100%
556,Tue ,18 ,May ,2021 ,09:15:02 AM,3.96.188.68,13,0,100%
557,Tue ,18 ,May ,2021 ,09:16:01 AM,3.96.188.68,13,0,100%
558,Tue ,18 ,May ,2021 ,09:17:01 AM,3.96.188.68,13,0,100%
559,Tue ,18 ,May ,2021 ,09:18:01 AM,3.96.188.68,13,0,100%
560,Tue ,18 ,May ,2021 ,09:19:02 AM,3.96.188.68,13,0,100%
561,Tue ,18 ,May ,2021 ,09:20:01 AM,3.96.188.68,13,0,100%
562,Tue ,18 ,May ,2021 ,09:21:02 AM,3.96.188.68,13,0,100%
563,Tue ,18 ,May ,2021 ,09:22:01 AM,3.96.188.68,13,0,100%
564,Tue ,18 ,May ,2021 ,09:23:01 AM,3.96.188.68,13,0,100%
565,Tue ,18 ,May ,2021 ,09:24:01 AM,3.96.188.68,13,0,100%
566,Tue ,18 ,May ,2021 ,09:25:01 AM,3.96.188.68,13,0,100%
567,Tue ,18 ,May ,2021 ,09:26:01 AM,3.96.188.68,13,0,100%
568,Tue ,18 ,May ,2021 ,09:27:02 AM,3.96.188.68,13,0,100%
569,Tue ,18 ,May ,2021 ,09:28:01 AM,3.96.188.68,13,0,100%
570,Tue ,18 ,May ,2021 ,09:29:02 AM,3.96.188.68,13,0,100%
571,Tue ,18 ,May ,2021 ,09:30:01 AM,3.96.188.68,13,0,100%
572,Tue ,18 ,May ,2021 ,09:31:02 AM,3.96.188.68,13,0,100%
573,Tue ,18 ,May ,2021 ,09:32:01 AM,3.96.188.68,13,0,100%
574,Tue ,18 ,May ,2021 ,09:33:02 AM,3.96.188.68,13,0,100%
575,Tue ,18 ,May ,2021 ,09:34:01 AM,3.96.188.68,13,0,100%
576,Tue ,18 ,May ,2021 ,09:35:01 AM,3.96.188.68,13,0,100%
577,Tue ,18 ,May ,2021 ,09:36:01 AM,3.96.188.68,13,0,100%
578,Tue ,18 ,May ,2021 ,09:37:01 AM,3.96.188.68,13,0,100%
579,Tue ,18 ,May ,2021 ,09:38:01 AM,3.96.188.68,13,0,100%
580,Tue ,18 ,May ,2021 ,09:39:01 AM,3.96.188.68,13,0,100%
581,Tue ,18 ,May ,2021 ,09:40:01 AM,3.96.188.68,13,0,100%
582,Tue ,18 ,May ,2021 ,09:41:01 AM,3.96.188.68,13,0,100%
583,Tue ,18 ,May ,2021 ,09:42:02 AM,3.96.188.68,13,0,100%
584,Tue ,18 ,May ,2021 ,09:43:01 AM,3.96.188.68,13,0,100%
585,Tue ,18 ,May ,2021 ,09:44:02 AM,3.96.188.68,13,0,100%
586,Tue ,18 ,May ,2021 ,09:45:01 AM,3.96.188.68,13,0,100%
587,Tue ,18 ,May ,2021 ,09:46:02 AM,3.96.188.68,50,50,0%,74.690,75.650,76.433
588,Tue ,18 ,May ,2021 ,09:47:01 AM,3.96.188.68,50,50,0%,74.310,75.689,77.796
589,Tue ,18 ,May ,2021 ,09:48:01 AM,3.96.188.68,50,50,0%,74.469,75.791,77.603
590,Tue ,18 ,May ,2021 ,09:49:01 AM,3.96.188.68,50,50,0%,74.522,75.981,82.814
591,Tue ,18 ,May ,2021 ,09:50:01 AM,3.96.188.68,50,50,0%,74.314,75.891,76.310
592,Tue ,18 ,May ,2021 ,09:51:01 AM,3.96.188.68,50,50,0%,74.777,75.846,76.833
593,Tue ,18 ,May ,2021 ,09:52:01 AM,3.96.188.68,50,50,0%,74.200,75.590,77.946
594,Tue ,18 ,May ,2021 ,09:53:01 AM,3.96.188.68,50,50,0%,74.219,75.626,76.167
595,Tue ,18 ,May ,2021 ,11:39:36 AM,3.96.188.68,50,50,0%,74.327,75.733,76.469
596,Tue ,18 ,May ,2021 ,11:40:01 AM,3.96.188.68,50,50,0%,74.661,76.519,93.861
597,Tue ,18 ,May ,2021 ,11:41:01 AM,3.96.188.68,50,50,0%,74.285,75.909,78.956
598,Tue ,18 ,May ,2021 ,11:42:02 AM,3.96.188.68,50,50,0%,74.235,75.977,77.200
599,Tue ,18 ,May ,2021 ,11:43:01 AM,3.96.188.68,50,50,0%,74.583,76.014,77.923
600,Tue ,18 ,May ,2021 ,11:44:01 AM,3.96.188.68,50,50,0%,74.551,75.793,76.932
601,Tue ,18 ,May ,2021 ,11:45:02 AM,3.96.188.68,50,50,0%,74.399,75.709,76.772
602,Tue ,18 ,May ,2021 ,11:46:01 AM,3.96.188.68,50,50,0%,74.841,75.766,76.935
603,Tue ,18 ,May ,2021 ,11:47:01 AM,3.96.188.68,50,50,0%,74.620,75.837,77.521
604,Tue ,18 ,May ,2021 ,11:48:01 AM,3.96.188.68,50,50,0%,74.304,75.495,76.548
605,Tue ,18 ,May ,2021 ,11:49:01 AM,3.96.188.68,50,50,0%,74.634,75.784,76.626
606,Tue ,18 ,May ,2021 ,11:50:02 AM,3.96.188.68,50,50,0%,74.227,75.974,79.134
607,Tue ,18 ,May ,2021 ,11:51:01 AM,3.96.188.68,50,50,0%,74.500,76.419,81.864
608,Tue ,18 ,May ,2021 ,11:52:01 AM,3.96.188.68,50,50,0%,74.317,75.801,78.605
609,Tue ,18 ,May ,2021 ,11:53:02 AM,3.96.188.68,50,50,0%,75.043,75.953,77.455
610,Tue ,18 ,May ,2021 ,11:54:01 AM,3.96.188.68,50,50,0%,74.355,75.778,76.821
611,Tue ,18 ,May ,2021 ,11:55:01 AM,3.96.188.68,50,50,0%,74.933,75.907,77.078
612,Tue ,18 ,May ,2021 ,11:56:01 AM,3.96.188.68,50,50,0%,74.270,76.046,86.993
613,Tue ,18 ,May ,2021 ,11:57:01 AM,3.96.188.68,50,50,0%,74.178,75.901,76.586
614,Tue ,18 ,May ,2021 ,11:58:01 AM,3.96.188.68,50,50,0%,74.839,75.882,77.213
615,Tue ,18 ,May ,2021 ,11:59:01 AM,3.96.188.68,50,50,0%,74.661,75.764,77.064
616,Tue ,18 ,May ,2021 ,12:00:01 PM,3.96.188.68,50,50,0%,74.429,76.275,79.165
617,Tue ,18 ,May ,2021 ,12:01:01 PM,3.96.188.68,50,50,0%,74.730,75.986,77.991
618,Tue ,18 ,May ,2021 ,12:02:01 PM,3.96.188.68,50,50,0%,74.562,75.747,78.032
619,Tue ,18 ,May ,2021 ,12:03:02 PM,3.96.188.68,50,50,0%,74.647,75.946,76.425
620,Tue ,18 ,May ,2021 ,12:04:01 PM,3.96.188.68,50,50,0%,74.910,76.027,79.776
621,Tue ,18 ,May ,2021 ,12:05:01 PM,3.96.188.68,50,50,0%,74.421,75.772,76.389
622,Tue ,18 ,May ,2021 ,12:06:02 PM,3.96.188.68,50,50,0%,74.706,75.919,78.089
623,Tue ,18 ,May ,2021 ,12:07:01 PM,3.96.188.68,50,50,0%,74.544,75.893,76.862
624,Tue ,18 ,May ,2021 ,12:08:01 PM,3.96.188.68,50,50,0%,74.336,75.723,76.538
625,Tue ,18 ,May ,2021 ,12:09:02 PM,3.96.188.68,50,50,0%,74.840,75.853,76.851
626,Tue ,18 ,May ,2021 ,12:10:01 PM,3.96.188.68,50,50,0%,74.344,75.971,79.702
627,Tue ,18 ,May ,2021 ,12:11:01 PM,3.96.188.68,50,50,0%,74.289,75.682,76.317
628,Tue ,18 ,May ,2021 ,12:12:02 PM,3.96.188.68,50,50,0%,74.471,75.762,77.483
629,Tue ,18 ,May ,2021 ,12:13:01 PM,3.96.188.68,50,50,0%,74.364,75.876,77.459
630,Tue ,18 ,May ,2021 ,12:14:01 PM,3.96.188.68,50,50,0%,74.278,76.172,81.240
631,Tue ,18 ,May ,2021 ,12:15:02 PM,3.96.188.68,50,50,0%,74.262,75.686,76.867
632,Tue ,18 ,May ,2021 ,12:16:01 PM,3.96.188.68,50,50,0%,74.260,76.408,81.529
633,Tue ,18 ,May ,2021 ,12:17:01 PM,3.96.188.68,50,50,0%,74.492,75.679,76.663
634,Tue ,18 ,May ,2021 ,12:18:02 PM,3.96.188.68,50,50,0%,74.330,75.314,76.957
635,Tue ,18 ,May ,2021 ,12:19:01 PM,3.96.188.68,50,50,0%,74.149,75.758,77.620
636,Tue ,18 ,May ,2021 ,12:20:01 PM,3.96.188.68,50,50,0%,74.410,75.542,79.082
637,Tue ,18 ,May ,2021 ,12:21:02 PM,3.96.188.68,50,50,0%,74.875,75.722,76.338
638,Tue ,18 ,May ,2021 ,12:22:01 PM,3.96.188.68,50,50,0%,74.390,75.648,76.567
639,Tue ,18 ,May ,2021 ,12:23:01 PM,3.96.188.68,50,50,0%,74.289,75.651,76.506
640,Tue ,18 ,May ,2021 ,12:24:02 PM,3.96.188.68,50,50,0%,74.398,75.808,76.800
641,Tue ,18 ,May ,2021 ,12:25:01 PM,3.96.188.68,50,50,0%,74.464,75.582,79.808
642,Tue ,18 ,May ,2021 ,12:26:01 PM,3.96.188.68,50,50,0%,74.823,75.957,77.166
643,Tue ,18 ,May ,2021 ,12:27:01 PM,3.96.188.68,50,50,0%,74.297,75.774,76.329
644,Tue ,18 ,May ,2021 ,12:28:01 PM,3.96.188.68,50,50,0%,74.674,75.941,80.374
645,Tue ,18 ,May ,2021 ,12:29:01 PM,3.96.188.68,50,50,0%,74.726,75.829,76.338
646,Tue ,18 ,May ,2021 ,12:30:02 PM,3.96.188.68,50,50,0%,74.247,76.073,79.245
647,Tue ,18 ,May ,2021 ,12:31:01 PM,3.96.188.68,50,50,0%,74.797,75.839,76.572
648,Tue ,18 ,May ,2021 ,12:32:01 PM,3.96.188.68,50,50,0%,74.636,75.733,76.459
649,Tue ,18 ,May ,2021 ,12:33:02 PM,3.96.188.68,50,50,0%,74.502,75.803,76.648
650,Tue ,18 ,May ,2021 ,12:34:01 PM,3.96.188.68,50,50,0%,74.684,75.866,78.911
651,Tue ,18 ,May ,2021 ,12:35:01 PM,3.96.188.68,50,50,0%,74.260,76.096,95.539
652,Tue ,18 ,May ,2021 ,12:36:02 PM,3.96.188.68,50,50,0%,74.261,75.699,76.639
653,Tue ,18 ,May ,2021 ,12:37:01 PM,3.96.188.68,50,50,0%,74.821,75.828,76.329
654,Tue ,18 ,May ,2021 ,12:38:01 PM,3.96.188.68,50,50,0%,74.477,75.576,77.231
655,Tue ,18 ,May ,2021 ,12:39:02 PM,3.96.188.68,50,50,0%,74.321,75.809,76.825
656,Tue ,18 ,May ,2021 ,12:40:01 PM,3.96.188.68,50,50,0%,74.563,75.741,77.868
657,Tue ,18 ,May ,2021 ,12:41:01 PM,3.96.188.68,50,50,0%,74.325,75.854,77.228
658,Tue ,18 ,May ,2021 ,12:42:02 PM,3.96.188.68,50,50,0%,74.419,75.907,76.354
659,Tue ,18 ,May ,2021 ,12:43:01 PM,3.96.188.68,50,50,0%,74.912,75.883,76.698
660,Tue ,18 ,May ,2021 ,12:44:02 PM,3.96.188.68,50,50,0%,74.379,75.703,77.072
661,Tue ,18 ,May ,2021 ,12:45:01 PM,3.96.188.68,50,50,0%,74.470,76.142,83.743
662,Tue ,18 ,May ,2021 ,12:46:01 PM,3.96.188.68,50,50,0%,74.289,75.870,77.240
663,Tue ,18 ,May ,2021 ,12:47:02 PM,3.96.188.68,50,50,0%,74.713,75.877,76.346
664,Tue ,18 ,May ,2021 ,12:48:01 PM,3.96.188.68,50,50,0%,74.722,75.912,78.197
665,Tue ,18 ,May ,2021 ,12:49:01 PM,3.96.188.68,50,50,0%,74.292,75.715,76.640
666,Tue ,18 ,May ,2021 ,12:50:01 PM,3.96.188.68,50,50,0%,74.631,76.073,80.976
667,Tue ,18 ,May ,2021 ,12:51:01 PM,3.96.188.68,50,50,0%,74.220,75.781,77.323
668,Tue ,18 ,May ,2021 ,12:52:02 PM,3.96.188.68,50,50,0%,74.898,75.870,77.073
669,Tue ,18 ,May ,2021 ,12:53:01 PM,3.96.188.68,50,50,0%,74.439,75.839,76.475
670,Tue ,18 ,May ,2021 ,12:54:01 PM,3.96.188.68,50,50,0%,74.671,75.993,77.549
671,Tue ,18 ,May ,2021 ,12:55:02 PM,3.96.188.68,50,50,0%,74.763,75.974,77.134
672,Tue ,18 ,May ,2021 ,12:56:01 PM,3.96.188.68,50,50,0%,74.105,75.892,80.127
673,Tue ,18 ,May ,2021 ,12:57:01 PM,3.96.188.68,50,50,0%,74.723,75.790,76.720
674,Tue ,18 ,May ,2021 ,12:58:02 PM,3.96.188.68,50,50,0%,74.807,75.880,77.889
675,Tue ,18 ,May ,2021 ,12:59:01 PM,3.96.188.68,50,50,0%,74.356,75.826,76.758
676,Tue ,18 ,May ,2021 ,01:00:01 PM,3.96.188.68,50,50,0%,74.749,77.827,110.379
677,Tue ,18 ,May ,2021 ,01:01:01 PM,3.96.188.68,50,50,0%,74.860,76.018,79.636
678,Tue ,18 ,May ,2021 ,01:02:01 PM,3.96.188.68,50,50,0%,74.542,76.101,81.011
679,Tue ,18 ,May ,2021 ,01:03:02 PM,3.96.188.68,50,50,0%,74.288,75.845,76.327
680,Tue ,18 ,May ,2021 ,01:04:01 PM,3.96.188.68,50,50,0%,74.400,75.910,77.500
681,Tue ,18 ,May ,2021 ,01:05:01 PM,3.96.188.68,50,50,0%,74.197,75.835,79.954
682,Tue ,18 ,May ,2021 ,01:06:02 PM,3.96.188.68,50,50,0%,74.459,75.978,77.922
683,Tue ,18 ,May ,2021 ,01:07:01 PM,3.96.188.68,50,50,0%,74.375,75.925,77.317
684,Tue ,18 ,May ,2021 ,01:08:01 PM,3.96.188.68,50,50,0%,74.247,75.733,76.344
685,Tue ,18 ,May ,2021 ,01:09:02 PM,3.96.188.68,50,50,0%,74.760,75.844,76.516
686,Tue ,18 ,May ,2021 ,01:10:01 PM,3.96.188.68,50,50,0%,74.392,76.117,78.707
687,Tue ,18 ,May ,2021 ,01:11:01 PM,3.96.188.68,50,50,0%,74.364,76.017,77.349
688,Tue ,18 ,May ,2021 ,01:12:02 PM,3.96.188.68,50,50,0%,74.366,75.745,77.248
689,Tue ,18 ,May ,2021 ,01:13:01 PM,3.96.188.68,50,50,0%,74.817,75.923,76.671
690,Tue ,18 ,May ,2021 ,01:14:01 PM,3.96.188.68,50,50,0%,74.286,75.605,76.387
691,Tue ,18 ,May ,2021 ,01:15:01 PM,3.96.188.68,50,50,0%,74.322,75.976,81.358
692,Tue ,18 ,May ,2021 ,01:16:01 PM,3.96.188.68,50,50,0%,74.584,75.862,76.920
693,Tue ,18 ,May ,2021 ,01:17:01 PM,3.96.188.68,50,50,0%,74.445,75.820,76.608
694,Tue ,18 ,May ,2021 ,01:18:01 PM,3.96.188.68,50,50,0%,74.411,75.844,76.642
695,Tue ,18 ,May ,2021 ,01:19:01 PM,3.96.188.68,50,50,0%,74.510,75.702,76.511
696,Tue ,18 ,May ,2021 ,01:20:02 PM,3.96.188.68,50,50,0%,74.457,75.876,77.420
697,Tue ,18 ,May ,2021 ,01:21:01 PM,3.96.188.68,50,50,0%,74.646,75.787,76.502
698,Tue ,18 ,May ,2021 ,01:22:01 PM,3.96.188.68,50,50,0%,74.216,75.895,78.806
699,Tue ,18 ,May ,2021 ,01:23:02 PM,3.96.188.68,50,50,0%,74.804,75.753,77.831
700,Tue ,18 ,May ,2021 ,01:24:01 PM,3.96.188.68,50,50,0%,74.322,75.721,76.888
701,Tue ,18 ,May ,2021 ,01:25:01 PM,3.96.188.68,50,50,0%,74.308,76.090,80.245
702,Tue ,18 ,May ,2021 ,01:26:02 PM,3.96.188.68,50,50,0%,74.293,75.548,76.154
703,Tue ,18 ,May ,2021 ,01:27:01 PM,3.96.188.68,50,50,0%,74.343,75.655,76.850
704,Tue ,18 ,May ,2021 ,01:28:01 PM,3.96.188.68,50,50,0%,74.174,76.120,79.902
705,Tue ,18 ,May ,2021 ,01:29:02 PM,3.96.188.68,50,50,0%,74.474,75.626,76.193
706,Tue ,18 ,May ,2021 ,01:30:01 PM,3.96.188.68,50,50,0%,74.470,77.057,102.584
707,Tue ,18 ,May ,2021 ,01:31:01 PM,3.96.188.68,50,50,0%,74.399,75.855,76.632
708,Tue ,18 ,May ,2021 ,01:32:02 PM,3.96.188.68,50,50,0%,74.267,75.899,80.066
709,Tue ,18 ,May ,2021 ,01:33:01 PM,3.96.188.68,50,50,0%,74.469,75.635,76.433
710,Tue ,18 ,May ,2021 ,01:34:01 PM,3.96.188.68,50,50,0%,74.414,75.754,76.793
711,Tue ,18 ,May ,2021 ,01:35:02 PM,3.96.188.68,50,50,0%,74.962,75.934,78.251
712,Tue ,18 ,May ,2021 ,01:36:01 PM,3.96.188.68,50,50,0%,74.966,75.930,76.398
713,Tue ,18 ,May ,2021 ,01:37:01 PM,3.96.188.68,50,50,0%,74.717,75.930,78.141
714,Tue ,18 ,May ,2021 ,01:38:02 PM,3.96.188.68,50,50,0%,74.837,75.914,77.106
715,Tue ,18 ,May ,2021 ,01:39:01 PM,3.96.188.68,50,50,0%,74.164,75.653,77.211
716,Tue ,18 ,May ,2021 ,01:40:01 PM,3.96.188.68,50,50,0%,74.731,75.918,77.332
717,Tue ,18 ,May ,2021 ,01:41:01 PM,3.96.188.68,50,50,0%,74.268,75.505,76.594
718,Tue ,18 ,May ,2021 ,01:42:01 PM,3.96.188.68,50,50,0%,74.353,75.573,76.554
719,Tue ,18 ,May ,2021 ,01:43:01 PM,3.96.188.68,50,50,0%,74.716,75.823,77.344
720,Tue ,18 ,May ,2021 ,01:44:01 PM,3.96.188.68,50,50,0%,74.746,75.870,77.959
721,Tue ,18 ,May ,2021 ,01:45:01 PM,3.96.188.68,50,50,0%,74.333,76.037,82.151
722,Tue ,18 ,May ,2021 ,01:46:02 PM,3.96.188.68,50,50,0%,74.513,75.695,76.520
723,Tue ,18 ,May ,2021 ,01:47:01 PM,3.96.188.68,50,50,0%,74.322,75.824,78.633
724,Tue ,18 ,May ,2021 ,01:48:01 PM,3.96.188.68,50,50,0%,74.464,75.780,76.490
725,Tue ,18 ,May ,2021 ,01:21:01 PM
726,Tue ,18 ,May ,2021 ,01:22:02 PM,3.96.188.68,13,0,100%
727,Tue ,18 ,May ,2021 ,01:23:01 PM,3.96.188.68,13,0,100%
728,Tue ,18 ,May ,2021 ,01:24:02 PM,3.96.188.68,13,0,100%
729,Tue ,18 ,May ,2021 ,01:25:01 PM,3.96.188.68,13,0,100%
730,Tue ,18 ,May ,2021 ,01:26:02 PM,3.96.188.68,13,0,100%
731,Tue ,18 ,May ,2021 ,01:27:01 PM,3.96.188.68,13,0,100%
732,Tue ,18 ,May ,2021 ,01:28:02 PM,3.96.188.68,13,0,100%
733,Tue ,18 ,May ,2021 ,01:29:01 PM,3.96.188.68,13,0,100%
734,Tue ,18 ,May ,2021 ,01:30:02 PM,3.96.188.68,13,0,100%
735,Tue ,18 ,May ,2021 ,01:31:01 PM,3.96.188.68,13,0,100%
736,Tue ,18 ,May ,2021 ,01:32:02 PM,3.96.188.68,13,0,100%
737,Tue ,18 ,May ,2021 ,01:33:01 PM,3.96.188.68,13,0,100%
738,Tue ,18 ,May ,2021 ,01:34:02 PM,3.96.188.68,13,0,100%
739,Tue ,18 ,May ,2021 ,01:35:01 PM,3.96.188.68,13,0,100%
740,Tue ,18 ,May ,2021 ,01:36:01 PM,3.96.188.68,13,0,100%
741,Tue ,18 ,May ,2021 ,01:37:01 PM,3.96.188.68,13,0,100%
742,Tue ,18 ,May ,2021 ,01:21:01 PM
743,Tue ,18 ,May ,2021 ,01:22:02 PM,3.96.188.68,13,0,100%
744,Tue ,18 ,May ,2021 ,01:23:01 PM,3.96.188.68,13,0,100%
745,Tue ,18 ,May ,2021 ,01:21:01 PM
746,Tue ,18 ,May ,2021 ,01:22:02 PM,3.96.188.68,13,0,100%
747,Tue ,18 ,May ,2021 ,01:23:01 PM,3.96.188.68,13,0,100%
748,Tue ,18 ,May ,2021 ,01:24:02 PM,3.96.188.68,13,0,100%
749,Tue ,18 ,May ,2021 ,01:25:01 PM,3.96.188.68,13,0,100%
750,Tue ,18 ,May ,2021 ,01:26:01 PM,3.96.188.68,13,0,100%
751,Tue ,18 ,May ,2021 ,01:27:01 PM,3.96.188.68,13,0,100%
752,Tue ,18 ,May ,2021 ,01:28:01 PM,3.96.188.68,13,0,100%
753,Tue ,18 ,May ,2021 ,01:29:01 PM,3.96.188.68,13,0,100%
754,Tue ,18 ,May ,2021 ,01:21:01 PM
755,Tue ,18 ,May ,2021 ,01:22:01 PM,3.96.188.68,13,0,100%
756,Tue ,18 ,May ,2021 ,01:23:01 PM,3.96.188.68,13,0,100%
757,Tue ,18 ,May ,2021 ,01:24:01 PM,3.96.188.68,13,0,100%
758,Tue ,18 ,May ,2021 ,01:25:02 PM,3.96.188.68,13,0,100%
759,Tue ,18 ,May ,2021 ,01:26:01 PM,3.96.188.68,13,0,100%
760,Tue ,18 ,May ,2021 ,01:27:02 PM,3.96.188.68,13,0,100%
761,Tue ,18 ,May ,2021 ,01:28:01 PM,3.96.188.68,13,0,100%
762,Tue ,18 ,May ,2021 ,01:29:01 PM,3.96.188.68,13,0,100%
763,Tue ,18 ,May ,2021 ,01:30:01 PM,3.96.188.68,13,0,100%
764,Tue ,18 ,May ,2021 ,01:31:01 PM,3.96.188.68,13,0,100%
765,Tue ,18 ,May ,2021 ,01:32:02 PM,3.96.188.68,13,0,100%
766,Tue ,18 ,May ,2021 ,01:33:01 PM,3.96.188.68,13,0,100%
767,Tue ,18 ,May ,2021 ,01:34:01 PM,3.96.188.68,13,0,100%
768,Tue ,18 ,May ,2021 ,01:35:01 PM,3.96.188.68,13,0,100%
769,Tue ,18 ,May ,2021 ,01:36:02 PM,3.96.188.68,13,0,100%
770,Tue ,18 ,May ,2021 ,01:37:01 PM,3.96.188.68,13,0,100%
771,Tue ,18 ,May ,2021 ,01:33:02 PM,3.96.188.68,13,0,100%
772,Tue ,18 ,May ,2021 ,01:33:01 PM,3.96.188.68,12,0,100%
773,Tue ,18 ,May ,2021 ,01:34:01 PM,3.96.188.68,13,0,100%
774,Tue ,18 ,May ,2021 ,01:35:01 PM,3.96.188.68,13,0,100%
775,Tue ,18 ,May ,2021 ,01:36:01 PM,3.96.188.68,13,0,100%
776,Tue ,18 ,May ,2021 ,01:37:01 PM,3.96.188.68,8,0,100%
777,Tue ,18 ,May ,2021 ,01:38:02 PM,3.96.188.68,4,0,100%
778,Tue ,18 ,May ,2021 ,01:39:01 PM,3.96.188.68,127,0,100%
779,Tue ,18 ,May ,2021 ,01:40:02 PM,3.96.188.68,13,0,100%
780,Tue ,18 ,May ,2021 ,01:41:01 PM,3.96.188.68,78,50,35.8974%,1407.204,2062.474,2942.497
781,Tue ,18 ,May ,2021 ,01:33:02 PM,3.96.188.68,13,0,100%
782,Tue ,18 ,May ,2021 ,01:34:01 PM,3.96.188.68,13,0,100%
783,Tue ,18 ,May ,2021 ,01:35:01 PM,3.96.188.68,13,0,100%
784,Tue ,18 ,May ,2021 ,01:36:01 PM,3.96.188.68,13,0,100%
785,Tue ,18 ,May ,2021 ,01:37:01 PM,3.96.188.68,26,0,100%
786,Tue ,18 ,May ,2021 ,01:38:01 PM,3.96.188.68,8,0,100%
787,Tue ,18 ,May ,2021 ,01:39:01 PM,3.96.188.68,13,0,100%
788,Tue ,18 ,May ,2021 ,01:40:01 PM,3.96.188.68,13,0,100%
789,Tue ,18 ,May ,2021 ,01:41:01 PM,3.96.188.68,13,0,100%
790,Tue ,18 ,May ,2021 ,03:05:49 PM,3.96.188.68,77,50,35.0649%,1073.027,1967.820,2663.595
791,Tue ,18 ,May ,2021 ,03:06:01 PM,3.96.188.68,80,50,37.5%,1841.428,2474.775,3254.984
792,Tue ,18 ,May ,2021 ,03:07:01 PM,3.96.188.68,148,16,89.1892%,1886.427,2991.339,4183.558
793,Tue ,18 ,May ,2021 ,03:08:01 PM,3.96.188.68,3,0,100%
794,Tue ,18 ,May ,2021 ,03:09:01 PM,3.96.188.68,112,0,100%
795,Tue ,18 ,May ,2021 ,03:10:02 PM,3.96.188.68,149,0,100%
796,Tue ,18 ,May ,2021 ,03:11:01 PM,3.96.188.68,147,16,89.1156%,2090.711,2348.840,2626.421
797,Tue ,18 ,May ,2021 ,03:12:01 PM,3.96.188.68,148,0,100%
798,Tue ,18 ,May ,2021 ,03:13:01 PM,3.96.188.68,141,6,95.7447%,1878.287,2680.951,2933.645
799,Tue ,18 ,May ,2021 ,03:14:01 PM,3.96.188.68,1,0,100%
800,Tue ,18 ,May ,2021 ,03:15:01 PM,3.96.188.68,13,0,100%
801,Tue ,18 ,May ,2021 ,03:17:01 PM,3.96.188.68,13,0,100%
802,Tue ,18 ,May ,2021 ,03:18:01 PM,3.96.188.68,13,0,100%
803,Tue ,18 ,May ,2021 ,03:19:02 PM,3.96.188.68,13,0,100%
804,Tue ,18 ,May ,2021 ,03:20:01 PM,3.96.188.68,130,49,62.3077%
805,Tue ,18 ,May ,2021 ,03:23:31 PM,3.96.188.68,88,50,43.1818%,3761.392,4055.379,4692.711
806,Tue ,18 ,May ,2021 ,03:23:41 PM,3.96.188.68,92,50,45.6522%,4059.363,4256.745,4610.889
807,Tue ,18 ,May ,2021 ,03:23:51 PM,3.96.188.68,91,50,45.0549%,3921.041,4210.606,4431.965
808,Tue ,18 ,May ,2021 ,03:24:01 PM,3.96.188.68,90,50,44.4444%,4128.981,4273.615,4405.182
809,Tue ,18 ,May ,2021 ,03:25:01 PM,3.96.188.68,84,50,40.4762%,756.203,2630.378,3705.483
810,Tue ,18 ,May ,2021 ,03:26:03 PM,3.96.188.68,67,50,25.3731%,601.193,1474.824,1831.820
811,Tue ,18 ,May ,2021 ,03:27:01 PM,3.96.188.68,61,50,18.0328%,696.674,1045.407,1271.346
812,Tue ,18 ,May ,2021 ,03:28:01 PM,3.96.188.68,73,50,31.5068%,631.188,1381.256,2374.371
813,Tue ,18 ,May ,2021 ,03:29:01 PM,3.96.188.68,72,50,30.5556%,761.851,1498.648,2265.208
814,Tue ,18 ,May ,2021 ,03:30:01 PM,3.96.188.68,66,50,24.2424%,632.856,1160.423,1729.625
815,Tue ,18 ,May ,2021 ,03:31:02 PM,3.96.188.68,59,50,15.2542%,645.688,920.451,1198.993
816,Tue ,18 ,May ,2021 ,03:32:01 PM,3.96.188.68,63,50,20.6349%,639.520,974.303,1430.660
817,Tue ,18 ,May ,2021 ,03:33:02 PM,3.96.188.68,67,50,25.3731%,928.140,1453.128,1931.361
818,Tue ,18 ,May ,2021 ,03:34:01 PM,3.96.188.68,67,50,25.3731%,631.307,1240.681,1862.661
819,Tue ,18 ,May ,2021 ,03:35:01 PM,3.96.188.68,148,0,100%
820,Tue ,18 ,May ,2021 ,03:36:01 PM,3.96.188.68,12,0,100%
821,Tue ,18 ,May ,2021 ,03:37:01 PM,3.96.188.68,10,0,100%
822,Tue ,18 ,May ,2021 ,03:38:01 PM,3.96.188.68,11,0,100%
823,Tue ,18 ,May ,2021 ,03:39:02 PM,3.96.188.68,13,0,100%
824,Tue ,18 ,May ,2021 ,03:40:01 PM,3.96.188.68,13,0,100%
825,Tue ,18 ,May ,2021 ,03:41:01 PM,3.96.188.68,13,0,100%
826,Tue ,18 ,May ,2021 ,03:42:02 PM,3.96.188.68,10,0,100%
827,Tue ,18 ,May ,2021 ,03:43:01 PM,3.96.188.68,10,0,100%
828,Tue ,18 ,May ,2021 ,03:44:01 PM,3.96.188.68,67,50,25.3731%,838.818,1356.247,1811.175
829,Tue ,18 ,May ,2021 ,03:45:01 PM,3.96.188.68,62,50,19.3548%,656.800,951.441,1237.470
830,Tue ,18 ,May ,2021 ,03:46:01 PM,3.96.188.68,66,50,24.2424%,595.967,1112.564,1700.369
831,Tue ,18 ,May ,2021 ,03:47:01 PM,3.96.188.68,69,50,27.5362%,677.031,1217.265,1946.095
832,Tue ,18 ,May ,2021 ,03:48:02 PM,3.96.188.68,148,17,88.5135%,694.912,1762.148,2926.317
833,Tue ,18 ,May ,2021 ,03:49:01 PM,3.96.188.68,146,35,76.0274%,582.952,1664.027,3694.631
834,Tue ,18 ,May ,2021 ,03:50:01 PM,3.96.188.68,85,50,41.1765%,1469.139,2242.942,3097.326
835,Tue ,18 ,May ,2021 ,03:51:01 PM,3.96.188.68,148,1,99.3243%,4443.311,4443.311,4443.311
836,Tue ,18 ,May ,2021 ,03:52:01 PM,3.96.188.68,13,0,100%
837,Tue ,18 ,May ,2021 ,03:53:02 PM,3.96.188.68,69,50,27.5362%,908.081,1523.458,1976.269
838,Tue ,18 ,May ,2021 ,03:54:01 PM,3.96.188.68,93,0,100%
839,Tue ,18 ,May ,2021 ,03:55:02 PM,3.96.188.68,12,0,100%
840,Tue ,18 ,May ,2021 ,03:56:01 PM,3.96.188.68,9,0,100%
841,Tue ,18 ,May ,2021 ,03:57:01 PM,3.96.188.68,13,0,100%
842,Tue ,18 ,May ,2021 ,03:58:01 PM,3.96.188.68,13,0,100%
843,Tue ,18 ,May ,2021 ,03:59:01 PM,3.96.188.68,13,0,100%
844,Tue ,18 ,May ,2021 ,04:00:02 PM,3.96.188.68,142,14,90.1408%,705.421,847.814,977.398
845,Tue ,18 ,May ,2021 ,04:01:01 PM,3.96.188.68,87,50,42.5287%,2011.617,2764.993,3371.937
846,Tue ,18 ,May ,2021 ,04:02:01 PM,3.96.188.68,129,50,61.2403%,657.850,1143.612,2196.332
847,Tue ,18 ,May ,2021 ,04:03:01 PM,3.96.188.68,62,50,19.3548%,572.916,936.802,1342.370
848,Tue ,18 ,May ,2021 ,04:04:01 PM,3.96.188.68,63,50,20.6349%,659.984,1023.700,1384.259
849,Tue ,18 ,May ,2021 ,04:05:01 PM,3.96.188.68,65,51,21.5385%,636.595,1082.052,1589.488
850,Tue ,18 ,May ,2021 ,04:06:01 PM,3.96.188.68,60,50,16.6667%,665.116,905.704,1163.862
851,Tue ,18 ,May ,2021 ,04:07:02 PM,3.96.188.68,66,50,24.2424%,657.554,1085.950,1676.049
852,Tue ,18 ,May ,2021 ,04:08:01 PM,3.96.188.68,64,51,20.3125%,649.988,977.037,1427.755
853,Tue ,18 ,May ,2021 ,04:09:02 PM,3.96.188.68,89,50,43.8202%,1416.054,2752.134,3991.688
854,Tue ,18 ,May ,2021 ,04:10:01 PM,3.96.188.68,98,50,48.9796%,4325.798,4601.983,4903.949
855,Tue ,18 ,May ,2021 ,04:11:01 PM,3.96.188.68,103,0,100%
856,Tue ,18 ,May ,2021 ,04:12:01 PM,3.96.188.68,13,0,100%
857,Tue ,18 ,May ,2021 ,04:13:01 PM,3.96.188.68,13,0,100%
858,Tue ,18 ,May ,2021 ,04:14:01 PM,3.96.188.68,9,0,100%
859,Tue ,18 ,May ,2021 ,04:15:02 PM,3.96.188.68,13,0,100%
860,Tue ,18 ,May ,2021 ,04:16:01 PM,3.96.188.68,13,0,100%
861,Tue ,18 ,May ,2021 ,04:17:01 PM,3.96.188.68,13,0,100%
862,Tue ,18 ,May ,2021 ,04:18:01 PM,3.96.188.68,9,0,100%
863,Tue ,18 ,May ,2021 ,04:18:01 PM,3.96.188.68,13,0,100%
864,Tue ,18 ,May ,2021 ,04:19:01 PM,3.96.188.68,13,0,100%
865,Tue ,18 ,May ,2021 ,04:20:01 PM,3.96.188.68,13,0,100%
866,Tue ,18 ,May ,2021 ,04:21:01 PM,3.96.188.68,13,0,100%
867,Tue ,18 ,May ,2021 ,04:22:01 PM,3.96.188.68,13,0,100%
868,Tue ,18 ,May ,2021 ,04:23:01 PM,3.96.188.68,13,0,100%
869,Tue ,18 ,May ,2021 ,04:24:01 PM,3.96.188.68,13,0,100%
870,Tue ,18 ,May ,2021 ,04:25:01 PM,3.96.188.68,13,0,100%
871,Tue ,18 ,May ,2021 ,04:26:01 PM,3.96.188.68,13,0,100%
872,Tue ,18 ,May ,2021 ,04:27:01 PM,3.96.188.68,13,0,100%
873,Tue ,18 ,May ,2021 ,04:28:01 PM,3.96.188.68,13,0,100%
874,Tue ,18 ,May ,2021 ,04:29:01 PM,3.96.188.68,13,0,100%
875,Tue ,18 ,May ,2021 ,04:30:01 PM,3.96.188.68,13,0,100%
876,Tue ,18 ,May ,2021 ,04:31:01 PM,3.96.188.68,13,0,100%
877,Tue ,18 ,May ,2021 ,04:32:01 PM,3.96.188.68,13,0,100%
878,Tue ,18 ,May ,2021 ,04:33:01 PM,3.96.188.68,13,0,100%
879,Tue ,18 ,May ,2021 ,04:34:01 PM,3.96.188.68,13,0,100%
880,Tue ,18 ,May ,2021 ,04:35:02 PM,3.96.188.68,13,0,100%
881,Tue ,18 ,May ,2021 ,04:36:01 PM,3.96.188.68,13,0,100%
882,Tue ,18 ,May ,2021 ,04:37:02 PM,3.96.188.68,13,0,100%
883,Tue ,18 ,May ,2021 ,04:38:01 PM,3.96.188.68,13,0,100%
884,Tue ,18 ,May ,2021 ,04:39:01 PM,3.96.188.68,13,0,100%
885,Tue ,18 ,May ,2021 ,04:40:01 PM,3.96.188.68,13,0,100%
886,Tue ,18 ,May ,2021 ,04:41:01 PM,3.96.188.68,13,0,100%
887,Tue ,18 ,May ,2021 ,04:42:01 PM,3.96.188.68,13,0,100%
888,Tue ,18 ,May ,2021 ,04:43:01 PM,3.96.188.68,13,0,100%
889,Tue ,18 ,May ,2021 ,04:44:01 PM,3.96.188.68,13,0,100%
890,Tue ,18 ,May ,2021 ,04:45:01 PM,3.96.188.68,13,0,100%
891,Tue ,18 ,May ,2021 ,04:46:01 PM,3.96.188.68,13,0,100%
892,Tue ,18 ,May ,2021 ,04:47:01 PM,3.96.188.68,13,0,100%
893,Tue ,18 ,May ,2021 ,04:48:01 PM,3.96.188.68,13,0,100%
894,Tue ,18 ,May ,2021 ,04:49:01 PM,3.96.188.68,13,0,100%
895,Tue ,18 ,May ,2021 ,04:50:02 PM,3.96.188.68,13,0,100%
896,Tue ,18 ,May ,2021 ,04:51:01 PM,3.96.188.68,13,0,100%
897,Tue ,18 ,May ,2021 ,04:52:02 PM,3.96.188.68,13,0,100%
898,Tue ,18 ,May ,2021 ,04:53:01 PM,3.96.188.68,13,0,100%
899,Tue ,18 ,May ,2021 ,04:54:02 PM,3.96.188.68,13,0,100%
900,Tue ,18 ,May ,2021 ,04:55:01 PM,3.96.188.68,13,0,100%
901,Tue ,18 ,May ,2021 ,04:56:02 PM,3.96.188.68,13,0,100%
902,Tue ,18 ,May ,2021 ,04:57:01 PM,3.96.188.68,13,0,100%
903,Tue ,18 ,May ,2021 ,04:58:02 PM,3.96.188.68,13,0,100%
904,Tue ,18 ,May ,2021 ,04:59:01 PM,3.96.188.68,13,0,100%
905,Tue ,18 ,May ,2021 ,05:00:02 PM,3.96.188.68,13,0,100%
906,Tue ,18 ,May ,2021 ,05:01:01 PM,3.96.188.68,13,0,100%
907,Tue ,18 ,May ,2021 ,05:02:02 PM,3.96.188.68,13,0,100%
908,Tue ,18 ,May ,2021 ,05:03:01 PM,3.96.188.68,13,0,100%
909,Tue ,18 ,May ,2021 ,05:04:02 PM,3.96.188.68,13,0,100%
910,Tue ,18 ,May ,2021 ,05:05:01 PM,3.96.188.68,13,0,100%
911,Tue ,18 ,May ,2021 ,05:06:02 PM,3.96.188.68,13,0,100%
912,Tue ,18 ,May ,2021 ,05:07:01 PM,3.96.188.68,13,0,100%
913,Tue ,18 ,May ,2021 ,05:08:01 PM,3.96.188.68,13,0,100%
914,Tue ,18 ,May ,2021 ,05:09:01 PM,3.96.188.68,13,0,100%
915,Tue ,18 ,May ,2021 ,05:10:01 PM,3.96.188.68,13,0,100%
916,Tue ,18 ,May ,2021 ,05:11:01 PM,3.96.188.68,13,0,100%
917,Tue ,18 ,May ,2021 ,05:12:01 PM,3.96.188.68,13,0,100%
918,Tue ,18 ,May ,2021 ,05:13:01 PM,3.96.188.68,13,0,100%
919,Tue ,18 ,May ,2021 ,05:14:02 PM,3.96.188.68,13,0,100%
920,Tue ,18 ,May ,2021 ,05:15:01 PM,3.96.188.68,13,0,100%
921,Tue ,18 ,May ,2021 ,05:16:02 PM,3.96.188.68,13,0,100%
922,Tue ,18 ,May ,2021 ,05:17:01 PM,3.96.188.68,13,0,100%
923,Tue ,18 ,May ,2021 ,05:18:02 PM,3.96.188.68,13,0,100%
924,Tue ,18 ,May ,2021 ,05:19:01 PM,3.96.188.68,13,0,100%
925,Tue ,18 ,May ,2021 ,05:20:02 PM,3.96.188.68,13,0,100%
926,Tue ,18 ,May ,2021 ,05:21:01 PM,3.96.188.68,13,0,100%
927,Tue ,18 ,May ,2021 ,05:22:02 PM,3.96.188.68,13,0,100%
928,Tue ,18 ,May ,2021 ,05:23:01 PM,3.96.188.68,13,0,100%
929,Tue ,18 ,May ,2021 ,05:24:02 PM,3.96.188.68,13,0,100%
930,Tue ,18 ,May ,2021 ,05:25:01 PM,3.96.188.68,13,0,100%
931,Tue ,18 ,May ,2021 ,05:26:01 PM,3.96.188.68,13,0,100%
932,Tue ,18 ,May ,2021 ,05:27:01 PM,3.96.188.68,13,0,100%
933,Tue ,18 ,May ,2021 ,05:28:01 PM,3.96.188.68,13,0,100%
934,Tue ,18 ,May ,2021 ,05:29:02 PM,3.96.188.68,13,0,100%
935,Tue ,18 ,May ,2021 ,05:30:01 PM,3.96.188.68,13,0,100%
936,Tue ,18 ,May ,2021 ,05:31:02 PM,3.96.188.68,13,0,100%
937,Tue ,18 ,May ,2021 ,05:32:01 PM,3.96.188.68,13,0,100%
938,Tue ,18 ,May ,2021 ,05:33:02 PM,3.96.188.68,13,0,100%
939,Tue ,18 ,May ,2021 ,05:34:01 PM,3.96.188.68,13,0,100%
940,Tue ,18 ,May ,2021 ,05:35:02 PM,3.96.188.68,13,0,100%
941,Tue ,18 ,May ,2021 ,05:36:01 PM,3.96.188.68,13,0,100%
942,Tue ,18 ,May ,2021 ,05:37:01 PM,3.96.188.68,13,0,100%
943,Tue ,18 ,May ,2021 ,05:38:01 PM,3.96.188.68,13,0,100%
944,Tue ,18 ,May ,2021 ,05:39:01 PM,3.96.188.68,13,0,100%
945,Tue ,18 ,May ,2021 ,05:40:01 PM,3.96.188.68,13,0,100%
946,Tue ,18 ,May ,2021 ,05:41:01 PM,3.96.188.68,13,0,100%
947,Tue ,18 ,May ,2021 ,05:42:01 PM,3.96.188.68,13,0,100%
948,Tue ,18 ,May ,2021 ,05:43:01 PM,3.96.188.68,13,0,100%
949,Tue ,18 ,May ,2021 ,05:44:01 PM,3.96.188.68,13,0,100%
950,Tue ,18 ,May ,2021 ,05:45:01 PM,3.96.188.68,13,0,100%
951,Tue ,18 ,May ,2021 ,05:46:02 PM,3.96.188.68,13,0,100%
952,Tue ,18 ,May ,2021 ,05:47:01 PM,3.96.188.68,13,0,100%
953,Tue ,18 ,May ,2021 ,05:48:02 PM,3.96.188.68,13,0,100%
954,Tue ,18 ,May ,2021 ,05:49:01 PM,3.96.188.68,13,0,100%
955,Tue ,18 ,May ,2021 ,05:50:02 PM,3.96.188.68,13,0,100%
956,Tue ,18 ,May ,2021 ,05:51:01 PM,3.96.188.68,13,0,100%
957,Tue ,18 ,May ,2021 ,05:52:01 PM,3.96.188.68,13,0,100%
958,Tue ,18 ,May ,2021 ,05:53:01 PM,3.96.188.68,13,0,100%
959,Tue ,18 ,May ,2021 ,05:54:02 PM,3.96.188.68,13,0,100%
960,Tue ,18 ,May ,2021 ,05:55:01 PM,3.96.188.68,13,0,100%
961,Tue ,18 ,May ,2021 ,05:56:02 PM,3.96.188.68,13,0,100%
962,Tue ,18 ,May ,2021 ,05:57:01 PM,3.96.188.68,13,0,100%
963,Tue ,18 ,May ,2021 ,05:58:02 PM,3.96.188.68,13,0,100%
964,Tue ,18 ,May ,2021 ,05:59:01 PM,3.96.188.68,13,0,100%
965,Tue ,18 ,May ,2021 ,06:00:02 PM,3.96.188.68,13,0,100%
966,Tue ,18 ,May ,2021 ,06:01:01 PM,3.96.188.68,13,0,100%
967,Tue ,18 ,May ,2021 ,06:02:02 PM,3.96.188.68,13,0,100%
968,Tue ,18 ,May ,2021 ,06:03:01 PM,3.96.188.68,13,0,100%
969,Tue ,18 ,May ,2021 ,06:04:02 PM,3.96.188.68,13,0,100%
970,Tue ,18 ,May ,2021 ,06:05:01 PM,3.96.188.68,13,0,100%
971,Tue ,18 ,May ,2021 ,06:06:02 PM,3.96.188.68,13,0,100%
972,Tue ,18 ,May ,2021 ,06:07:01 PM,3.96.188.68,13,0,100%
973,Tue ,18 ,May ,2021 ,06:08:01 PM,3.96.188.68,13,0,100%
974,Tue ,18 ,May ,2021 ,06:09:01 PM,3.96.188.68,13,0,100%
975,Tue ,18 ,May ,2021 ,06:10:01 PM,3.96.188.68,13,0,100%
976,Tue ,18 ,May ,2021 ,06:11:01 PM,3.96.188.68,13,0,100%
977,Tue ,18 ,May ,2021 ,06:12:01 PM,3.96.188.68,13,0,100%
978,Tue ,18 ,May ,2021 ,06:13:01 PM,3.96.188.68,13,0,100%
979,Tue ,18 ,May ,2021 ,06:14:01 PM,3.96.188.68,13,0,100%
980,Tue ,18 ,May ,2021 ,06:15:02 PM,3.96.188.68,13,0,100%
981,Tue ,18 ,May ,2021 ,06:16:01 PM,3.96.188.68,13,0,100%
982,Tue ,18 ,May ,2021 ,06:17:02 PM,3.96.188.68,13,0,100%
983,Tue ,18 ,May ,2021 ,06:18:01 PM,3.96.188.68,13,0,100%
984,Tue ,18 ,May ,2021 ,06:19:01 PM,3.96.188.68,13,0,100%
985,Tue ,18 ,May ,2021 ,06:20:01 PM,3.96.188.68,13,0,100%
986,Tue ,18 ,May ,2021 ,06:21:01 PM,3.96.188.68,13,0,100%
987,Tue ,18 ,May ,2021 ,06:22:01 PM,3.96.188.68,13,0,100%
988,Tue ,18 ,May ,2021 ,06:23:01 PM,3.96.188.68,13,0,100%
989,Tue ,18 ,May ,2021 ,06:24:01 PM,3.96.188.68,13,0,100%
990,Tue ,18 ,May ,2021 ,06:25:01 PM,3.96.188.68,13,0,100%
991,Tue ,18 ,May ,2021 ,06:26:01 PM,3.96.188.68,13,0,100%
992,Tue ,18 ,May ,2021 ,06:27:01 PM,3.96.188.68,13,0,100%
993,Tue ,18 ,May ,2021 ,06:28:02 PM,3.96.188.68,13,0,100%
994,Tue ,18 ,May ,2021 ,06:29:01 PM,3.96.188.68,13,0,100%
995,Tue ,18 ,May ,2021 ,06:30:01 PM,3.96.188.68,13,0,100%
996,Tue ,18 ,May ,2021 ,06:31:01 PM,3.96.188.68,13,0,100%
997,Tue ,18 ,May ,2021 ,06:32:01 PM,3.96.188.68,13,0,100%
998,Tue ,18 ,May ,2021 ,06:33:01 PM,3.96.188.68,13,0,100%
999,Tue ,18 ,May ,2021 ,06:34:01 PM,3.96.188.68,13,0,100%
1000,Tue ,18 ,May ,2021 ,06:35:01 PM,3.96.188.68,13,0,100%
1001,Tue ,18 ,May ,2021 ,06:36:01 PM,3.96.188.68,13,0,100%
1002,Tue ,18 ,May ,2021 ,06:37:01 PM,3.96.188.68,13,0,100%
1003,Tue ,18 ,May ,2021 ,06:38:01 PM,3.96.188.68,13,0,100%
1004,Tue ,18 ,May ,2021 ,06:39:01 PM,3.96.188.68,13,0,100%
1005,Tue ,18 ,May ,2021 ,06:40:01 PM,3.96.188.68,13,0,100%
1006,Tue ,18 ,May ,2021 ,06:41:01 PM,3.96.188.68,13,0,100%
1007,Tue ,18 ,May ,2021 ,06:42:01 PM,3.96.188.68,13,0,100%
1008,Tue ,18 ,May ,2021 ,06:43:02 PM,3.96.188.68,13,0,100%
1009,Tue ,18 ,May ,2021 ,06:44:01 PM,3.96.188.68,13,0,100%
1010,Tue ,18 ,May ,2021 ,06:45:02 PM,3.96.188.68,13,0,100%
1011,Tue ,18 ,May ,2021 ,06:46:01 PM,3.96.188.68,13,0,100%
1012,Tue ,18 ,May ,2021 ,06:47:02 PM,3.96.188.68,13,0,100%
1013,Tue ,18 ,May ,2021 ,06:48:01 PM,3.96.188.68,13,0,100%
1014,Tue ,18 ,May ,2021 ,06:49:02 PM,3.96.188.68,13,0,100%
1015,Tue ,18 ,May ,2021 ,06:50:01 PM,3.96.188.68,13,0,100%
1016,Tue ,18 ,May ,2021 ,06:51:02 PM,3.96.188.68,13,0,100%
1017,Tue ,18 ,May ,2021 ,06:52:01 PM,3.96.188.68,13,0,100%
1018,Tue ,18 ,May ,2021 ,06:53:02 PM,3.96.188.68,13,0,100%
1019,Tue ,18 ,May ,2021 ,06:54:01 PM,3.96.188.68,13,0,100%
1020,Tue ,18 ,May ,2021 ,06:55:02 PM,3.96.188.68,13,0,100%
1021,Tue ,18 ,May ,2021 ,06:56:01 PM,3.96.188.68,13,0,100%
1022,Tue ,18 ,May ,2021 ,06:57:01 PM,3.96.188.68,13,0,100%
1023,Tue ,18 ,May ,2021 ,06:58:01 PM,3.96.188.68,13,0,100%
1024,Tue ,18 ,May ,2021 ,06:59:01 PM,3.96.188.68,13,0,100%
1025,Tue ,18 ,May ,2021 ,07:00:01 PM,3.96.188.68,13,0,100%
1026,Tue ,18 ,May ,2021 ,07:01:01 PM,3.96.188.68,13,0,100%
1027,Tue ,18 ,May ,2021 ,07:02:01 PM,3.96.188.68,13,0,100%
1028,Tue ,18 ,May ,2021 ,07:03:01 PM,3.96.188.68,13,0,100%
1029,Tue ,18 ,May ,2021 ,07:04:01 PM,3.96.188.68,13,0,100%
1030,Tue ,18 ,May ,2021 ,07:05:01 PM,3.96.188.68,13,0,100%
1031,Tue ,18 ,May ,2021 ,07:06:01 PM,3.96.188.68,13,0,100%
1032,Tue ,18 ,May ,2021 ,07:07:01 PM,3.96.188.68,13,0,100%
1033,Tue ,18 ,May ,2021 ,07:08:01 PM,3.96.188.68,13,0,100%
1034,Tue ,18 ,May ,2021 ,07:09:01 PM,3.96.188.68,13,0,100%
1035,Tue ,18 ,May ,2021 ,07:10:01 PM,3.96.188.68,13,0,100%
1036,Tue ,18 ,May ,2021 ,07:11:01 PM,3.96.188.68,13,0,100%
1037,Tue ,18 ,May ,2021 ,07:12:01 PM,3.96.188.68,13,0,100%
1038,Tue ,18 ,May ,2021 ,07:13:01 PM,3.96.188.68,13,0,100%
1039,Tue ,18 ,May ,2021 ,07:14:01 PM,3.96.188.68,13,0,100%
1040,Tue ,18 ,May ,2021 ,07:15:02 PM,3.96.188.68,13,0,100%
1041,Tue ,18 ,May ,2021 ,07:16:01 PM,3.96.188.68,13,0,100%
1042,Tue ,18 ,May ,2021 ,07:17:02 PM,3.96.188.68,13,0,100%
1043,Tue ,18 ,May ,2021 ,07:18:01 PM,3.96.188.68,13,0,100%
1044,Tue ,18 ,May ,2021 ,07:19:01 PM,3.96.188.68,13,0,100%
1045,Tue ,18 ,May ,2021 ,07:20:01 PM,3.96.188.68,13,0,100%
1046,Tue ,18 ,May ,2021 ,07:21:02 PM,3.96.188.68,13,0,100%
1047,Tue ,18 ,May ,2021 ,07:22:01 PM,3.96.188.68,13,0,100%
1048,Tue ,18 ,May ,2021 ,07:23:01 PM,3.96.188.68,13,0,100%
1049,Tue ,18 ,May ,2021 ,07:24:01 PM,3.96.188.68,13,0,100%
1050,Tue ,18 ,May ,2021 ,07:25:02 PM,3.96.188.68,13,0,100%
1051,Tue ,18 ,May ,2021 ,07:26:01 PM,3.96.188.68,13,0,100%
1052,Tue ,18 ,May ,2021 ,07:27:02 PM,3.96.188.68,13,0,100%
1053,Tue ,18 ,May ,2021 ,07:28:01 PM,3.96.188.68,13,0,100%
1054,Tue ,18 ,May ,2021 ,07:29:01 PM,3.96.188.68,13,0,100%
1055,Tue ,18 ,May ,2021 ,07:30:01 PM,3.96.188.68,13,0,100%
1056,Tue ,18 ,May ,2021 ,07:31:01 PM,3.96.188.68,13,0,100%
1057,Tue ,18 ,May ,2021 ,07:32:01 PM,3.96.188.68,13,0,100%
1058,Tue ,18 ,May ,2021 ,07:33:01 PM,3.96.188.68,13,0,100%
1059,Tue ,18 ,May ,2021 ,07:34:01 PM,3.96.188.68,13,0,100%
1060,Tue ,18 ,May ,2021 ,07:35:02 PM,3.96.188.68,13,0,100%
1061,Tue ,18 ,May ,2021 ,07:36:01 PM,3.96.188.68,13,0,100%
1062,Tue ,18 ,May ,2021 ,07:37:02 PM,3.96.188.68,13,0,100%
1063,Tue ,18 ,May ,2021 ,07:38:01 PM,3.96.188.68,13,0,100%
1064,Tue ,18 ,May ,2021 ,07:39:01 PM,3.96.188.68,13,0,100%
1065,Tue ,18 ,May ,2021 ,07:40:01 PM,3.96.188.68,13,0,100%
1066,Tue ,18 ,May ,2021 ,07:41:01 PM,3.96.188.68,13,0,100%
1067,Tue ,18 ,May ,2021 ,07:42:01 PM,3.96.188.68,13,0,100%
1068,Tue ,18 ,May ,2021 ,07:43:01 PM,3.96.188.68,13,0,100%
1069,Tue ,18 ,May ,2021 ,07:44:01 PM,3.96.188.68,13,0,100%
1070,Tue ,18 ,May ,2021 ,07:45:01 PM,3.96.188.68,13,0,100%
1071,Tue ,18 ,May ,2021 ,07:46:01 PM,3.96.188.68,13,0,100%
1072,Tue ,18 ,May ,2021 ,07:47:01 PM,3.96.188.68,13,0,100%
1073,Tue ,18 ,May ,2021 ,07:48:02 PM,3.96.188.68,13,0,100%
1074,Tue ,18 ,May ,2021 ,07:49:01 PM,3.96.188.68,13,0,100%
1075,Tue ,18 ,May ,2021 ,07:50:01 PM,3.96.188.68,13,0,100%
1076,Tue ,18 ,May ,2021 ,07:51:01 PM,3.96.188.68,13,0,100%
1077,Tue ,18 ,May ,2021 ,07:52:01 PM,3.96.188.68,13,0,100%
1078,Tue ,18 ,May ,2021 ,07:53:01 PM,3.96.188.68,13,0,100%
1079,Tue ,18 ,May ,2021 ,07:54:02 PM,3.96.188.68,13,0,100%
1080,Tue ,18 ,May ,2021 ,07:55:01 PM,3.96.188.68,13,0,100%
1081,Tue ,18 ,May ,2021 ,07:56:02 PM,3.96.188.68,13,0,100%
1082,Tue ,18 ,May ,2021 ,07:57:01 PM,3.96.188.68,13,0,100%
1083,Tue ,18 ,May ,2021 ,07:58:02 PM,3.96.188.68,13,0,100%
1084,Tue ,18 ,May ,2021 ,07:59:01 PM,3.96.188.68,13,0,100%
1085,Tue ,18 ,May ,2021 ,08:00:01 PM,3.96.188.68,13,0,100%
1086,Tue ,18 ,May ,2021 ,08:01:01 PM,3.96.188.68,13,0,100%
1087,Tue ,18 ,May ,2021 ,08:02:01 PM,3.96.188.68,13,0,100%
1088,Tue ,18 ,May ,2021 ,08:03:02 PM,3.96.188.68,13,0,100%
1089,Tue ,18 ,May ,2021 ,08:04:01 PM,3.96.188.68,13,0,100%
1090,Tue ,18 ,May ,2021 ,08:05:02 PM,3.96.188.68,13,0,100%
1091,Tue ,18 ,May ,2021 ,08:06:01 PM,3.96.188.68,13,0,100%
1092,Tue ,18 ,May ,2021 ,08:07:02 PM,3.96.188.68,13,0,100%
1093,Tue ,18 ,May ,2021 ,08:08:01 PM,3.96.188.68,13,0,100%
1094,Tue ,18 ,May ,2021 ,08:09:02 PM,3.96.188.68,13,0,100%
1095,Tue ,18 ,May ,2021 ,08:10:01 PM,3.96.188.68,13,0,100%
1096,Tue ,18 ,May ,2021 ,08:11:02 PM,3.96.188.68,13,0,100%
1097,Tue ,18 ,May ,2021 ,08:12:01 PM,3.96.188.68,13,0,100%
1098,Tue ,18 ,May ,2021 ,08:13:02 PM,3.96.188.68,13,0,100%
1099,Tue ,18 ,May ,2021 ,08:14:01 PM,3.96.188.68,13,0,100%
1100,Tue ,18 ,May ,2021 ,08:15:02 PM,3.96.188.68,13,0,100%
1101,Tue ,18 ,May ,2021 ,08:16:01 PM,3.96.188.68,13,0,100%
1102,Tue ,18 ,May ,2021 ,08:17:02 PM,3.96.188.68,13,0,100%
1103,Tue ,18 ,May ,2021 ,08:18:01 PM,3.96.188.68,13,0,100%
1104,Tue ,18 ,May ,2021 ,08:19:02 PM,3.96.188.68,13,0,100%
1105,Tue ,18 ,May ,2021 ,08:20:01 PM,3.96.188.68,13,0,100%
1106,Tue ,18 ,May ,2021 ,08:21:01 PM,3.96.188.68,13,0,100%
1107,Tue ,18 ,May ,2021 ,08:22:01 PM,3.96.188.68,13,0,100%
1108,Tue ,18 ,May ,2021 ,08:23:02 PM,3.96.188.68,13,0,100%
1109,Tue ,18 ,May ,2021 ,08:24:01 PM,3.96.188.68,13,0,100%
1110,Tue ,18 ,May ,2021 ,08:25:01 PM,3.96.188.68,13,0,100%
1111,Tue ,18 ,May ,2021 ,08:26:01 PM,3.96.188.68,13,0,100%
1112,Tue ,18 ,May ,2021 ,08:27:02 PM,3.96.188.68,13,0,100%
1113,Tue ,18 ,May ,2021 ,08:28:01 PM,3.96.188.68,13,0,100%
1114,Tue ,18 ,May ,2021 ,08:29:01 PM,3.96.188.68,13,0,100%
1115,Tue ,18 ,May ,2021 ,08:30:01 PM,3.96.188.68,13,0,100%
1116,Tue ,18 ,May ,2021 ,08:31:01 PM,3.96.188.68,13,0,100%
1117,Tue ,18 ,May ,2021 ,08:32:01 PM,3.96.188.68,13,0,100%
1118,Tue ,18 ,May ,2021 ,08:33:02 PM,3.96.188.68,13,0,100%
1119,Tue ,18 ,May ,2021 ,08:34:01 PM,3.96.188.68,13,0,100%
1120,Tue ,18 ,May ,2021 ,08:35:02 PM,3.96.188.68,13,0,100%
1121,Tue ,18 ,May ,2021 ,08:36:01 PM,3.96.188.68,13,0,100%
1122,Tue ,18 ,May ,2021 ,08:37:02 PM,3.96.188.68,13,0,100%
1123,Tue ,18 ,May ,2021 ,08:38:01 PM,3.96.188.68,13,0,100%
1124,Tue ,18 ,May ,2021 ,08:39:02 PM,3.96.188.68,13,0,100%
1125,Tue ,18 ,May ,2021 ,08:40:01 PM,3.96.188.68,13,0,100%
1126,Tue ,18 ,May ,2021 ,08:41:02 PM,3.96.188.68,13,0,100%
1127,Tue ,18 ,May ,2021 ,08:42:01 PM,3.96.188.68,13,0,100%
1128,Tue ,18 ,May ,2021 ,08:43:02 PM,3.96.188.68,13,0,100%
1129,Tue ,18 ,May ,2021 ,08:44:01 PM,3.96.188.68,13,0,100%
1130,Tue ,18 ,May ,2021 ,08:45:02 PM,3.96.188.68,13,0,100%
1131,Tue ,18 ,May ,2021 ,08:46:01 PM,3.96.188.68,13,0,100%
1132,Tue ,18 ,May ,2021 ,08:47:02 PM,3.96.188.68,13,0,100%
1133,Tue ,18 ,May ,2021 ,08:48:01 PM,3.96.188.68,13,0,100%
1134,Tue ,18 ,May ,2021 ,08:49:02 PM,3.96.188.68,13,0,100%
1135,Tue ,18 ,May ,2021 ,08:50:01 PM,3.96.188.68,13,0,100%
1136,Tue ,18 ,May ,2021 ,08:51:02 PM,3.96.188.68,13,0,100%
1137,Tue ,18 ,May ,2021 ,08:52:01 PM,3.96.188.68,13,0,100%
1138,Tue ,18 ,May ,2021 ,08:53:02 PM,3.96.188.68,13,0,100%
1139,Tue ,18 ,May ,2021 ,08:54:01 PM,3.96.188.68,13,0,100%
1140,Tue ,18 ,May ,2021 ,08:55:01 PM,3.96.188.68,13,0,100%
1141,Tue ,18 ,May ,2021 ,08:56:01 PM,3.96.188.68,13,0,100%
1142,Tue ,18 ,May ,2021 ,08:57:01 PM,3.96.188.68,13,0,100%
1143,Tue ,18 ,May ,2021 ,08:58:01 PM,3.96.188.68,13,0,100%
1144,Tue ,18 ,May ,2021 ,08:59:01 PM,3.96.188.68,13,0,100%
1145,Tue ,18 ,May ,2021 ,09:00:01 PM,3.96.188.68,13,0,100%
1146,Tue ,18 ,May ,2021 ,09:01:01 PM,3.96.188.68,13,0,100%
1147,Tue ,18 ,May ,2021 ,09:02:01 PM,3.96.188.68,13,0,100%
1148,Tue ,18 ,May ,2021 ,09:03:01 PM,3.96.188.68,13,0,100%
1149,Tue ,18 ,May ,2021 ,09:04:01 PM,3.96.188.68,13,0,100%
1150,Tue ,18 ,May ,2021 ,09:05:02 PM,3.96.188.68,13,0,100%
1151,Tue ,18 ,May ,2021 ,09:06:01 PM,3.96.188.68,13,0,100%
1152,Tue ,18 ,May ,2021 ,09:07:02 PM,3.96.188.68,13,0,100%
1153,Tue ,18 ,May ,2021 ,09:08:01 PM,3.96.188.68,13,0,100%
1154,Tue ,18 ,May ,2021 ,09:09:02 PM,3.96.188.68,13,0,100%
1155,Tue ,18 ,May ,2021 ,09:10:01 PM,3.96.188.68,13,0,100%
1156,Tue ,18 ,May ,2021 ,09:11:01 PM,3.96.188.68,13,0,100%
1157,Tue ,18 ,May ,2021 ,09:12:01 PM,3.96.188.68,13,0,100%
1158,Tue ,18 ,May ,2021 ,09:13:01 PM,3.96.188.68,13,0,100%
1159,Tue ,18 ,May ,2021 ,09:14:01 PM,3.96.188.68,13,0,100%
1160,Tue ,18 ,May ,2021 ,09:15:01 PM,3.96.188.68,13,0,100%
1161,Tue ,18 ,May ,2021 ,09:16:01 PM,3.96.188.68,13,0,100%
1162,Tue ,18 ,May ,2021 ,09:17:01 PM,3.96.188.68,13,0,100%
1163,Tue ,18 ,May ,2021 ,09:18:01 PM,3.96.188.68,13,0,100%
1164,Tue ,18 ,May ,2021 ,09:19:01 PM,3.96.188.68,13,0,100%
1165,Tue ,18 ,May ,2021 ,09:20:01 PM,3.96.188.68,13,0,100%
1166,Tue ,18 ,May ,2021 ,09:21:01 PM,3.96.188.68,13,0,100%
1167,Tue ,18 ,May ,2021 ,09:22:01 PM,3.96.188.68,13,0,100%
1168,Tue ,18 ,May ,2021 ,09:23:01 PM,3.96.188.68,13,0,100%
1169,Tue ,18 ,May ,2021 ,09:24:01 PM,3.96.188.68,13,0,100%
1170,Tue ,18 ,May ,2021 ,09:25:01 PM,3.96.188.68,13,0,100%
1171,Tue ,18 ,May ,2021 ,09:26:01 PM,3.96.188.68,13,0,100%
1172,Tue ,18 ,May ,2021 ,09:27:01 PM,3.96.188.68,13,0,100%
1173,Tue ,18 ,May ,2021 ,09:28:01 PM,3.96.188.68,13,0,100%
1174,Tue ,18 ,May ,2021 ,09:29:01 PM,3.96.188.68,13,0,100%
1175,Tue ,18 ,May ,2021 ,09:30:01 PM,3.96.188.68,13,0,100%
1176,Tue ,18 ,May ,2021 ,09:31:01 PM,3.96.188.68,13,0,100%
1177,Tue ,18 ,May ,2021 ,09:32:01 PM,3.96.188.68,13,0,100%
1178,Tue ,18 ,May ,2021 ,09:33:01 PM,3.96.188.68,13,0,100%
1179,Tue ,18 ,May ,2021 ,09:34:02 PM,3.96.188.68,13,0,100%
1180,Tue ,18 ,May ,2021 ,09:35:01 PM,3.96.188.68,13,0,100%
1181,Tue ,18 ,May ,2021 ,09:36:02 PM,3.96.188.68,13,0,100%
1182,Tue ,18 ,May ,2021 ,09:37:01 PM,3.96.188.68,13,0,100%
1183,Tue ,18 ,May ,2021 ,09:38:02 PM,3.96.188.68,13,0,100%
1184,Tue ,18 ,May ,2021 ,09:39:01 PM,3.96.188.68,13,0,100%
1185,Tue ,18 ,May ,2021 ,09:40:02 PM,3.96.188.68,13,0,100%
1186,Tue ,18 ,May ,2021 ,09:41:01 PM,3.96.188.68,13,0,100%
1187,Tue ,18 ,May ,2021 ,09:42:02 PM,3.96.188.68,13,0,100%
1188,Tue ,18 ,May ,2021 ,09:43:01 PM,3.96.188.68,13,0,100%
1189,Tue ,18 ,May ,2021 ,09:44:01 PM,3.96.188.68,13,0,100%
1190,Tue ,18 ,May ,2021 ,09:45:01 PM,3.96.188.68,13,0,100%
1191,Tue ,18 ,May ,2021 ,09:46:01 PM,3.96.188.68,13,0,100%
1192,Tue ,18 ,May ,2021 ,09:47:01 PM,3.96.188.68,13,0,100%
1193,Tue ,18 ,May ,2021 ,09:48:01 PM,3.96.188.68,13,0,100%
1194,Tue ,18 ,May ,2021 ,09:49:01 PM,3.96.188.68,13,0,100%
1195,Tue ,18 ,May ,2021 ,09:50:01 PM,3.96.188.68,13,0,100%
1196,Tue ,18 ,May ,2021 ,09:51:02 PM,3.96.188.68,13,0,100%
1197,Tue ,18 ,May ,2021 ,09:52:01 PM,3.96.188.68,13,0,100%
1198,Tue ,18 ,May ,2021 ,09:53:02 PM,3.96.188.68,13,0,100%
1199,Tue ,18 ,May ,2021 ,09:54:01 PM,3.96.188.68,13,0,100%
1200,Tue ,18 ,May ,2021 ,09:55:02 PM,3.96.188.68,13,0,100%
1201,Tue ,18 ,May ,2021 ,09:56:01 PM,3.96.188.68,13,0,100%
1202,Tue ,18 ,May ,2021 ,09:57:02 PM,3.96.188.68,13,0,100%
1203,Tue ,18 ,May ,2021 ,09:58:01 PM,3.96.188.68,13,0,100%
1204,Tue ,18 ,May ,2021 ,09:59:02 PM,3.96.188.68,13,0,100%
1205,Tue ,18 ,May ,2021 ,10:00:01 PM,3.96.188.68,13,0,100%
1206,Tue ,18 ,May ,2021 ,10:01:02 PM,3.96.188.68,13,0,100%
1207,Tue ,18 ,May ,2021 ,10:02:01 PM,3.96.188.68,13,0,100%
1208,Tue ,18 ,May ,2021 ,10:03:02 PM,3.96.188.68,13,0,100%
1209,Tue ,18 ,May ,2021 ,10:04:01 PM,3.96.188.68,13,0,100%
1210,Tue ,18 ,May ,2021 ,10:05:02 PM,3.96.188.68,13,0,100%
1211,Tue ,18 ,May ,2021 ,10:06:01 PM,3.96.188.68,13,0,100%
1212,Tue ,18 ,May ,2021 ,10:07:02 PM,3.96.188.68,13,0,100%
1213,Tue ,18 ,May ,2021 ,10:08:01 PM,3.96.188.68,13,0,100%
1214,Tue ,18 ,May ,2021 ,10:09:01 PM,3.96.188.68,13,0,100%
1215,Tue ,18 ,May ,2021 ,10:10:01 PM,3.96.188.68,13,0,100%
1216,Tue ,18 ,May ,2021 ,10:11:01 PM,3.96.188.68,13,0,100%
1217,Tue ,18 ,May ,2021 ,10:12:01 PM,3.96.188.68,13,0,100%
1218,Tue ,18 ,May ,2021 ,10:13:01 PM,3.96.188.68,13,0,100%
1219,Tue ,18 ,May ,2021 ,10:14:01 PM,3.96.188.68,13,0,100%
1220,Tue ,18 ,May ,2021 ,10:15:01 PM,3.96.188.68,13,0,100%
1221,Tue ,18 ,May ,2021 ,10:16:01 PM,3.96.188.68,13,0,100%
1222,Tue ,18 ,May ,2021 ,10:17:01 PM,3.96.188.68,13,0,100%
1223,Tue ,18 ,May ,2021 ,10:18:01 PM,3.96.188.68,13,0,100%
1224,Tue ,18 ,May ,2021 ,10:19:01 PM,3.96.188.68,13,0,100%
1225,Tue ,18 ,May ,2021 ,10:20:01 PM,3.96.188.68,13,0,100%
1226,Tue ,18 ,May ,2021 ,10:21:01 PM,3.96.188.68,13,0,100%
1227,Tue ,18 ,May ,2021 ,10:22:01 PM,3.96.188.68,13,0,100%
1228,Tue ,18 ,May ,2021 ,10:23:01 PM,3.96.188.68,13,0,100%
1229,Tue ,18 ,May ,2021 ,10:24:02 PM,3.96.188.68,13,0,100%
1230,Tue ,18 ,May ,2021 ,10:25:01 PM,3.96.188.68,13,0,100%
1231,Tue ,18 ,May ,2021 ,10:26:01 PM,3.96.188.68,13,0,100%
1232,Tue ,18 ,May ,2021 ,10:27:01 PM,3.96.188.68,13,0,100%
1233,Tue ,18 ,May ,2021 ,10:28:01 PM,3.96.188.68,13,0,100%
1234,Tue ,18 ,May ,2021 ,10:29:01 PM,3.96.188.68,13,0,100%
1235,Tue ,18 ,May ,2021 ,10:30:01 PM,3.96.188.68,13,0,100%
1236,Tue ,18 ,May ,2021 ,10:31:01 PM,3.96.188.68,13,0,100%
1237,Tue ,18 ,May ,2021 ,10:32:02 PM,3.96.188.68,13,0,100%
1238,Tue ,18 ,May ,2021 ,10:33:01 PM,3.96.188.68,13,0,100%
1239,Tue ,18 ,May ,2021 ,10:34:01 PM,3.96.188.68,13,0,100%
1240,Tue ,18 ,May ,2021 ,10:35:01 PM,3.96.188.68,13,0,100%
1241,Tue ,18 ,May ,2021 ,10:36:01 PM,3.96.188.68,13,0,100%
1242,Tue ,18 ,May ,2021 ,10:37:01 PM,3.96.188.68,13,0,100%
1243,Tue ,18 ,May ,2021 ,10:38:01 PM,3.96.188.68,13,0,100%
1244,Tue ,18 ,May ,2021 ,10:39:01 PM,3.96.188.68,13,0,100%
1245,Tue ,18 ,May ,2021 ,10:40:01 PM,3.96.188.68,13,0,100%
1246,Tue ,18 ,May ,2021 ,10:41:01 PM,3.96.188.68,13,0,100%
1247,Tue ,18 ,May ,2021 ,10:42:01 PM,3.96.188.68,13,0,100%
1248,Tue ,18 ,May ,2021 ,10:43:01 PM,3.96.188.68,13,0,100%
1249,Tue ,18 ,May ,2021 ,10:44:01 PM,3.96.188.68,13,0,100%
1250,Tue ,18 ,May ,2021 ,10:45:01 PM,3.96.188.68,13,0,100%
1251,Tue ,18 ,May ,2021 ,10:46:01 PM,3.96.188.68,13,0,100%
1252,Tue ,18 ,May ,2021 ,10:47:01 PM,3.96.188.68,13,0,100%
1253,Tue ,18 ,May ,2021 ,10:48:01 PM,3.96.188.68,13,0,100%
1254,Tue ,18 ,May ,2021 ,10:49:01 PM,3.96.188.68,13,0,100%
1255,Tue ,18 ,May ,2021 ,10:50:01 PM,3.96.188.68,13,0,100%
1256,Tue ,18 ,May ,2021 ,10:51:01 PM,3.96.188.68,13,0,100%
1257,Tue ,18 ,May ,2021 ,10:52:01 PM,3.96.188.68,13,0,100%
1258,Tue ,18 ,May ,2021 ,10:53:01 PM,3.96.188.68,13,0,100%
1259,Tue ,18 ,May ,2021 ,10:54:01 PM,3.96.188.68,13,0,100%
1260,Tue ,18 ,May ,2021 ,10:55:01 PM,3.96.188.68,13,0,100%
1261,Tue ,18 ,May ,2021 ,10:56:01 PM,3.96.188.68,13,0,100%
1262,Tue ,18 ,May ,2021 ,10:57:01 PM,3.96.188.68,13,0,100%
1263,Tue ,18 ,May ,2021 ,10:58:02 PM,3.96.188.68,13,0,100%
1264,Tue ,18 ,May ,2021 ,10:59:01 PM,3.96.188.68,13,0,100%
1265,Tue ,18 ,May ,2021 ,11:00:02 PM,3.96.188.68,13,0,100%
1266,Tue ,18 ,May ,2021 ,11:01:01 PM,3.96.188.68,13,0,100%
1267,Tue ,18 ,May ,2021 ,11:02:01 PM,3.96.188.68,13,0,100%
1268,Tue ,18 ,May ,2021 ,11:03:01 PM,3.96.188.68,13,0,100%
1269,Tue ,18 ,May ,2021 ,11:04:01 PM,3.96.188.68,13,0,100%
1270,Tue ,18 ,May ,2021 ,11:05:01 PM,3.96.188.68,13,0,100%
1271,Tue ,18 ,May ,2021 ,11:06:01 PM,3.96.188.68,13,0,100%
1272,Tue ,18 ,May ,2021 ,11:07:01 PM,3.96.188.68,13,0,100%
1273,Tue ,18 ,May ,2021 ,11:08:01 PM,3.96.188.68,13,0,100%
1274,Tue ,18 ,May ,2021 ,11:09:01 PM,3.96.188.68,13,0,100%
1275,Tue ,18 ,May ,2021 ,11:10:01 PM,3.96.188.68,13,0,100%
1276,Tue ,18 ,May ,2021 ,11:11:01 PM,3.96.188.68,13,0,100%
1277,Tue ,18 ,May ,2021 ,11:12:01 PM,3.96.188.68,13,0,100%
1278,Tue ,18 ,May ,2021 ,11:13:01 PM,3.96.188.68,13,0,100%
1279,Tue ,18 ,May ,2021 ,11:14:01 PM,3.96.188.68,13,0,100%
1280,Tue ,18 ,May ,2021 ,11:15:01 PM,3.96.188.68,13,0,100%
1281,Tue ,18 ,May ,2021 ,11:16:01 PM,3.96.188.68,13,0,100%
1282,Tue ,18 ,May ,2021 ,11:17:01 PM,3.96.188.68,13,0,100%
1283,Tue ,18 ,May ,2021 ,11:18:01 PM,3.96.188.68,13,0,100%
1284,Tue ,18 ,May ,2021 ,11:19:01 PM,3.96.188.68,13,0,100%
1285,Tue ,18 ,May ,2021 ,11:20:01 PM,3.96.188.68,13,0,100%
1286,Tue ,18 ,May ,2021 ,11:21:01 PM,3.96.188.68,13,0,100%
1287,Tue ,18 ,May ,2021 ,11:22:01 PM,3.96.188.68,13,0,100%
1288,Tue ,18 ,May ,2021 ,11:23:02 PM,3.96.188.68,13,0,100%
1289,Tue ,18 ,May ,2021 ,11:24:01 PM,3.96.188.68,13,0,100%
1290,Tue ,18 ,May ,2021 ,11:25:02 PM,3.96.188.68,13,0,100%
1291,Tue ,18 ,May ,2021 ,11:26:01 PM,3.96.188.68,13,0,100%
1292,Tue ,18 ,May ,2021 ,11:27:02 PM,3.96.188.68,13,0,100%
1293,Tue ,18 ,May ,2021 ,11:28:01 PM,3.96.188.68,13,0,100%
1294,Tue ,18 ,May ,2021 ,11:29:02 PM,3.96.188.68,13,0,100%
1295,Tue ,18 ,May ,2021 ,11:30:01 PM,3.96.188.68,13,0,100%
1296,Tue ,18 ,May ,2021 ,11:31:02 PM,3.96.188.68,13,0,100%
1297,Tue ,18 ,May ,2021 ,11:32:01 PM,3.96.188.68,13,0,100%
1298,Tue ,18 ,May ,2021 ,11:33:02 PM,3.96.188.68,13,0,100%
1299,Tue ,18 ,May ,2021 ,11:34:01 PM,3.96.188.68,13,0,100%
1300,Tue ,18 ,May ,2021 ,11:35:01 PM,3.96.188.68,13,0,100%
1301,Tue ,18 ,May ,2021 ,11:36:01 PM,3.96.188.68,13,0,100%
1302,Tue ,18 ,May ,2021 ,11:37:01 PM,3.96.188.68,13,0,100%
1303,Tue ,18 ,May ,2021 ,11:38:01 PM,3.96.188.68,13,0,100%
1304,Tue ,18 ,May ,2021 ,11:39:01 PM,3.96.188.68,13,0,100%
1305,Tue ,18 ,May ,2021 ,11:40:01 PM,3.96.188.68,13,0,100%
1306,Tue ,18 ,May ,2021 ,11:41:01 PM,3.96.188.68,13,0,100%
1307,Tue ,18 ,May ,2021 ,11:42:01 PM,3.96.188.68,13,0,100%
1308,Tue ,18 ,May ,2021 ,11:43:01 PM,3.96.188.68,13,0,100%
1309,Tue ,18 ,May ,2021 ,11:44:01 PM,3.96.188.68,13,0,100%
1310,Tue ,18 ,May ,2021 ,11:45:01 PM,3.96.188.68,13,0,100%
1311,Tue ,18 ,May ,2021 ,11:46:01 PM,3.96.188.68,13,0,100%
1312,Tue ,18 ,May ,2021 ,11:47:01 PM,3.96.188.68,13,0,100%
1313,Tue ,18 ,May ,2021 ,11:48:01 PM,3.96.188.68,13,0,100%
1314,Tue ,18 ,May ,2021 ,11:49:01 PM,3.96.188.68,13,0,100%
1315,Tue ,18 ,May ,2021 ,11:50:01 PM,3.96.188.68,13,0,100%
1316,Tue ,18 ,May ,2021 ,11:51:01 PM,3.96.188.68,13,0,100%
1317,Tue ,18 ,May ,2021 ,11:52:01 PM,3.96.188.68,13,0,100%
1318,Tue ,18 ,May ,2021 ,11:53:01 PM,3.96.188.68,13,0,100%
1319,Tue ,18 ,May ,2021 ,11:54:02 PM,3.96.188.68,13,0,100%
1320,Tue ,18 ,May ,2021 ,11:55:01 PM,3.96.188.68,13,0,100%
1321,Tue ,18 ,May ,2021 ,11:56:01 PM,3.96.188.68,13,0,100%
1322,Tue ,18 ,May ,2021 ,11:57:01 PM,3.96.188.68,13,0,100%
1323,Tue ,18 ,May ,2021 ,11:58:02 PM,3.96.188.68,13,0,100%
1324,Tue ,18 ,May ,2021 ,11:59:01 PM,3.96.188.68,13,0,100%
